Location,Team,Opponent,WAB,ADJO,ADJD,EFF,EFG%,TO%,OR%,FTR,2P,3P,Opp EFF,Opp EFG%,Opp TO%,Opp OR%,Opp FTR,Opp 2P,Opp 3P,Opponent_score,Team_score
H,DUKE,Maine,0.1,125.3,95.2,130.6,64.3,17.7,35.5,31.7,24-34,11-29,84.3,39.5,19.0,19.4,31.6,18-43,3-14,62,96
H,DUKE,Army,0.1,124.7,92.3,141.0,61.3,11.3,43.6,25.4,18-33,17-38,81.8,39.1,18.3,23.3,14.1,13-35,8-29,58,100
N,DUKE,Kentucky,-0.2,106.8,86.4,95.7,42.3,9.3,25.0,23.9,24-47,4-24,102.3,47.6,14.6,23.3,38.1,15-38,10-25,77,72
H,DUKE,Wofford,-0.1,124.7,56.9,133.7,61.3,15.5,45.2,17.7,14-24,16-38,54.4,28.9,29.5,29.3,5.3,9-24,5-33,35,86
A,DUKE,Arizona,0.6,111.7,75.9,101.9,50.0,20.7,35.1,21.3,17-36,9-25,81.2,45.3,22.2,16.7,20.8,15-30,6-23,55,69
N,DUKE,Kansas,0.3,116.1,100.5,105.7,61.5,23.5,19.2,37.5,13-22,11-26,110.1,56.1,23.5,33.3,21.1,20-40,8-17,75,72
H,DUKE,Seattle,0.5,98.9,72.5,103.1,48.3,19.2,30.8,32.8,13-22,10-36,70.7,25.5,23.6,23.8,66.0,6-28,4-19,48,70
H,DUKE,Auburn,1.2,145.6,103.4,133.8,57.8,6.4,33.3,46.6,20-36,9-22,124.3,53.1,12.7,40.5,18.8,19-39,10-25,78,84
A,DUKE,Louisville,1.9,115.9,94.1,112.9,51.6,10.4,25.7,22.6,20-32,8-30,96.6,48.0,22.3,23.5,41.2,8-20,11-31,65,76
H,DUKE,Incarnate Word,1.9,101.3,80.7,116.4,50.9,21.0,47.1,38.2,16-30,8-25,74.4,36.8,17.8,22.2,22.6,12-30,5-23,46,72
H,DUKE,George Mason,2.1,113.5,76.7,108.1,45.5,15.9,37.8,37.5,12-29,9-27,74.7,30.9,20.7,41.7,8.8,18-51,2-17,47,68
H,UNC,Elon,0.1,118.4,103.0,120.6,48.1,8.0,37.5,20.0,19-48,13-32,101.8,53.3,21.4,28.6,23.0,13-32,13-29,76,90
A,UNC,Kansas,-0.1,127.6,107.4,115.0,48.4,14.2,27.0,49.2,20-40,7-23,118.9,52.6,5.2,28.6,22.4,31-55,6-21,92,89
H,UNC,American,0.0,122.8,90.4,144.2,64.8,12.1,38.5,55.7,29-39,7-22,74.1,36.9,17.5,16.3,18.0,12-30,7-31,55,107
A,UNC,Hawaii,0.2,126.7,102.1,127.4,56.5,7.3,16.7,63.0,23-39,5-15,101.1,45.6,19.0,40.5,42.1,14-34,8-23,69,87
N,UNC,Dayton,0.7,120.0,106.2,118.5,60.2,19.3,26.7,63.0,19-31,9-23,115.9,52.7,12.9,31.0,20.3,18-42,14-32,90,92
N,UNC,Auburn,0.6,106.5,94.5,97.2,48.4,13.5,18.4,30.6,21-46,6-16,114.8,51.4,10.8,27.5,24.6,19-39,11-30,85,72
N,UNC,Michigan St.,0.2,121.8,109.6,114.0,58.6,13.8,14.7,32.8,21-41,11-23,117.7,57.4,15.0,25.0,50.8,29-45,4-16,94,91
H,UNC,Alabama,-0.2,102.5,98.1,94.7,44.2,15.6,31.9,20.5,27-50,5-28,112.7,57.7,16.8,22.9,18.3,23-38,12-33,94,79
H,UNC,Georgia Tech,0.0,90.9,86.5,89.3,43.2,23.6,33.3,35.6,18-35,5-24,85.3,37.5,18.4,23.9,37.5,12-37,8-27,65,68
H,UNC,La Salle,0.1,119.5,90.6,121.4,61.2,14.4,35.3,34.3,26-36,10-31,87.5,42.5,15.7,28.6,15.1,16-44,10-29,67,93
N,UNC,Florida,-0.2,114.9,100.9,107.1,49.3,12.8,30.2,26.4,28-44,5-28,114.8,54.6,21.7,41.0,41.5,19-33,11-32,90,84
H,N.C.State,USC Upstate,0.0,115.9,99.0,129.5,62.5,14.7,41.2,30.9,29-41,9-27,88.1,36.3,22.7,37.0,43.5,18-41,3-21,66,97
H,N.C.State,Presbyterian,0.1,113.8,110.6,120.3,61.6,17.8,35.7,33.9,24-37,7-19,107.0,53.5,22.3,38.7,28.1,23-41,5-16,72,81
H,N.C.State,Coastal Carolina,0.1,112.4,104.8,116.2,47.4,14.2,34.3,61.4,27-47,0-10,99.2,50.0,26.9,35.7,39.2,18-33,5-18,70,82
H,N.C.State,Colgate,0.1,95.2,72.6,100.2,47.2,16.7,18.2,48.1,21-40,3-14,68.2,37.3,20.9,20.0,7.9,16-37,5-26,49,72
H,N.C.State,William & Mary,0.2,102.5,81.2,111.5,53.1,14.6,28.9,35.9,25-45,6-19,81.0,42.5,27.9,27.5,20.0,15-29,7-31,61,84
N,N.C.State,Purdue,-0.2,109.9,105.4,103.0,47.2,13.5,26.5,28.3,19-36,4-17,119.9,47.2,10.1,40.6,48.1,18-38,5-16,71,61
N,N.C.State,BYU,-0.6,96.2,104.2,94.4,44.7,13.9,23.1,24.6,12-34,9-23,111.4,50.8,21.7,39.5,27.1,15-33,10-26,72,61
H,N.C.State,Texas,-1.2,108.0,98.6,99.7,49.1,15.2,29.4,25.9,19-40,5-14,106.5,52.8,20.3,39.4,26.4,16-36,8-17,63,59
H,N.C.State,Florida St.,0.0,128.7,107.1,121.3,59.3,14.4,30.0,53.7,20-31,8-23,106.8,45.4,18.8,32.4,53.7,20-38,3-16,74,84
H,N.C.State,Coppin St.,-0.9,94.2,108.0,104.1,41.7,14.2,37.2,40.0,16-42,6-18,88.4,45.5,23.7,29.0,59.1,17-35,2-9,56,66
A,N.C.State,Kansas,-1.1,109.2,107.7,96.9,42.1,12.9,28.2,31.6,15-42,6-15,121.1,66.0,21.0,34.8,13.2,20-29,10-24,75,60
H,Georgia Tech,West Georgia,0.0,106.9,91.0,113.6,53.7,16.0,40.6,25.0,26-41,7-27,82.9,40.6,10.7,14.3,28.1,17-49,6-15,62,85
H,Georgia Tech,North Florida,-0.9,106.0,121.7,113.8,55.1,12.2,29.5,15.2,24-50,13-29,128.5,60.1,11.0,28.6,42.0,28-38,9-31,105,93
H,Georgia Tech,Texas Southern,-0.9,105.3,87.0,109.0,47.4,18.8,34.1,58.6,11-22,11-36,83.4,37.9,16.2,28.6,33.3,16-52,6-14,62,81
H,Georgia Tech,Georgia,-1.4,100.5,96.0,91.9,41.3,17.3,24.4,34.9,17-40,6-23,102.5,49.1,16.0,27.3,55.4,23-38,3-18,77,69
H,Georgia Tech,Cincinnati,-2.0,92.3,108.3,83.3,39.8,17.2,30.8,33.9,16-39,5-20,116.4,58.9,17.2,34.6,19.4,23-40,9-22,81,58
H,Georgia Tech,Charleston Southern,-2.0,113.3,97.4,122.0,54.9,9.4,35.1,27.8,35-61,3-11,89.9,37.5,18.8,31.0,62.5,9-32,8-24,67,91
H,Georgia Tech,Central Arkansas,-1.9,124.2,119.4,134.7,58.2,7.7,35.3,32.8,16-29,13-32,105.3,49.1,12.4,17.1,24.6,7-25,14-32,68,87
A,Georgia Tech,Oklahoma,-2.3,107.6,100.4,94.0,46.2,16.9,20.0,34.0,17-34,5-19,117.1,48.1,10.8,25.7,57.7,10-24,10-28,76,61
A,Georgia Tech,North Carolina,-2.6,93.5,79.2,85.3,37.5,18.4,23.9,37.5,12-37,8-27,89.3,43.2,23.6,33.3,35.6,18-35,5-24,68,65
N,Georgia Tech,Northwestern,-3.1,93.1,100.5,85.9,45.5,22.9,22.9,23.2,15-32,7-24,101.6,46.9,8.6,20.9,24.6,17-43,9-22,71,60
H,Virginia Tech,Delaware St.,0.0,108.2,96.0,117.0,55.5,22.5,42.4,60.0,17-27,9-28,84.6,37.8,22.5,27.0,61.2,14-39,3-10,60,83
H,Virginia Tech,USC Upstate,0.0,113.4,116.4,128.8,56.5,9.7,37.5,48.4,23-41,8-21,102.5,59.1,23.5,20.0,23.6,19-34,9-21,74,93
H,Virginia Tech,Winthrop,0.1,88.9,86.2,91.5,40.4,20.5,43.2,31.6,11-28,8-29,82.1,38.8,17.4,28.9,22.4,15-26,5-32,52,58
N,Virginia Tech,Penn St.,-0.3,96.1,107.1,87.3,50.0,32.7,32.1,57.8,15-27,5-18,117.3,58.2,16.4,21.9,54.5,20-33,8-22,86,64
H,Virginia Tech,Jacksonville,-1.3,97.5,109.1,92.6,46.4,23.1,33.3,35.7,17-38,6-18,107.0,57.5,20.2,30.0,13.3,24-35,7-25,74,64
N,Virginia Tech,Michigan,-1.7,103.5,94.0,90.1,37.9,27.2,46.2,41.4,16-41,4-17,107.2,48.4,21.4,42.5,32.3,15-28,10-34,75,63
N,Virginia Tech,South Carolina,-2.2,100.8,104.2,95.0,45.8,14.3,24.3,15.3,15-41,8-18,110.9,54.8,15.8,25.7,40.4,12-20,11-32,70,60
H,Virginia Tech,Vanderbilt,-2.9,100.0,107.4,95.7,45.0,22.4,38.9,21.7,15-31,8-29,119.6,60.9,12.0,17.9,32.7,20-28,9-27,80,64
H,Virginia Tech,Pittsburgh,-3.5,100.6,88.3,90.8,50.9,26.1,26.7,13.2,15-28,6-22,108.5,54.2,22.8,25.0,23.5,18-35,8-29,64,59
H,SMU,Tarleton St.,0.0,125.3,96.2,129.9,62.7,17.6,39.4,34.9,23-37,11-26,83.9,42.9,31.1,29.0,49.0,12-36,6-13,62,96
H,SMU,Florida A&M,0.0,120.2,110.3,130.6,60.6,14.1,33.3,40.9,25-42,10-24,93.5,43.4,19.2,23.3,42.6,13-33,9-28,73,102
H,SMU,UNC Greensboro,0.1,109.9,98.3,110.4,47.6,15.0,33.3,47.6,21-40,6-23,92.7,45.7,20.4,28.9,37.9,19-38,5-20,68,81
A,SMU,Butler,-0.4,107.6,107.8,100.8,43.8,15.8,40.5,27.7,21-50,5-15,116.6,50.8,18.7,37.8,39.3,13-35,12-26,81,70
H,SMU,Prairie View A&M,-0.4,110.3,98.5,136.1,58.1,17.3,56.1,41.9,25-49,12-25,85.4,36.6,18.6,29.4,32.4,17-40,6-31,69,110
H,SMU,Mississippi St.,-0.9,120.6,105.0,112.0,59.6,18.4,22.2,72.3,16-24,8-23,119.1,47.8,9.9,37.2,36.8,19-42,9-26,84,79
N,SMU,Cal Baptist,-0.8,119.2,112.7,122.7,60.0,17.1,35.7,32.7,21-35,8-20,119.6,59.5,14.0,31.0,22.4,21-41,9-17,77,79
N,SMU,Washington St.,-0.4,122.3,96.6,122.1,46.2,14.3,56.4,28.8,23-51,5-15,95.1,45.6,12.7,21.6,26.3,11-24,10-33,60,77
H,SMU,Alabama St.,-0.3,125.0,106.5,138.6,55.1,11.0,47.6,49.3,23-40,10-30,99.2,39.2,22.1,26.8,32.9,18-41,7-24,72,101
H,PITT,Radford,0.1,122.5,87.5,135.7,61.5,11.3,33.3,32.3,28-42,8-23,79.2,35.3,19.8,27.9,34.5,13-39,5-19,56,96
H,PITT,Murray St.,0.2,117.4,99.1,119.7,58.5,13.0,28.1,62.3,19-34,8-19,98.1,49.1,18.8,22.9,38.2,18-34,6-21,68,83
H,PITT,Gardner Webb,0.3,109.5,88.1,113.5,53.8,12.3,27.0,22.7,22-36,9-30,87.5,45.2,23.2,27.9,20.6,18-46,7-17,64,83
H,PITT,West Virginia,0.7,128.5,80.4,118.2,56.9,15.1,22.9,44.8,18-31,10-27,85.2,43.5,11.0,11.9,24.2,18-33,6-29,62,86
H,PITT,VMI,0.7,115.2,90.2,135.6,64.1,11.7,40.0,21.9,23-36,12-28,70.0,30.0,21.9,27.1,30.0,9-36,6-24,48,93
N,PITT,LSU,1.1,118.1,90.0,109.7,50.9,19.3,36.4,40.7,17-30,7-24,93.4,41.5,22.2,36.8,33.9,17-38,5-21,63,74
N,PITT,Wisconsin,0.6,117.9,101.4,109.8,54.2,11.7,17.2,21.7,25-37,5-23,118.6,52.5,8.8,27.3,36.7,24-40,5-20,81,75
A,PITT,Ohio St.,1.3,128.8,110.7,120.5,50.7,14.6,43.2,44.8,22-43,8-24,119.2,61.2,14.6,28.6,50.0,19-38,11-20,90,91
A,PITT,Mississippi St.,1.0,93.4,114.9,84.2,37.5,16.3,29.8,20.3,12-38,8-26,133.0,63.3,20.0,16.7,20.0,12-38,10-21,90,57
H,Norte Dame,Stonehill,0.0,120.4,98.2,130.9,59.8,20.6,51.5,36.1,20-38,11-23,88.2,40.2,14.7,17.5,32.1,6-25,11-31,60,89
H,Norte Dame,Buffalo,0.0,101.6,109.5,110.9,55.1,12.9,14.3,45.8,25-39,5-20,99.3,50.7,14.2,18.2,15.7,19-36,11-34,77,86
A,Norte Dame,Georgetown,0.5,138.9,97.4,130.9,67.6,18.7,34.8,22.2,23-33,9-21,98.2,37.1,7.8,34.6,22.9,14-38,8-32,63,84
H,Norte Dame,North Dakota,0.5,99.4,91.4,110.7,54.0,10.3,22.6,16.1,29-45,3-17,85.6,41.4,22.1,32.6,12.5,13-37,9-27,58,75
H,Norte Dame,Elon,-0.4,121.9,128.0,120.0,57.4,9.3,21.9,14.8,17-32,12-29,130.9,63.4,15.6,37.0,30.4,25-41,7-15,84,77
N,Norte Dame,Rutgers,-1.0,119.9,106.8,114.7,54.5,19.1,37.8,22.7,15-33,14-33,116.1,50.8,12.3,34.1,43.1,21-41,8-24,85,84
N,Norte Dame,Houston,-1.1,105.8,93.1,88.6,45.9,19.7,22.6,28.6,12-28,7-21,106.6,50.0,8.2,22.9,15.0,21-37,6-23,65,54
N,Norte Dame,Creighton,-1.6,115.3,108.9,108.4,50.0,12.8,30.8,23.1,19-42,9-23,114.1,58.8,17.1,16.7,26.3,17-33,11-24,80,76
A,Norte Dame,Georgia,-1.9,96.7,103.1,81.7,40.4,17.0,21.2,17.3,15-33,4-19,117.4,49.2,10.9,25.0,26.3,18-32,7-23,69,48
H,Boston College,The Citadel,0.0,95.1,97.7,101.3,43.5,20.6,37.8,51.9,16-36,5-18,88.1,41.3,20.6,23.7,48.1,17-28,3-24,60,69
N,Boston College,VCU,-0.4,88.1,104.9,76.6,31.0,23.7,34.7,50.0,15-47,2-11,111.5,50.0,16.7,36.8,48.3,18-33,8-27,80,55
H,Boston College,Temple,-0.3,111.3,104.6,110.7,48.4,12.3,34.2,32.8,19-41,7-20,106.1,49.2,15.4,35.1,30.5,17-41,8-18,69,72
H,Boston College,Loyola MD,-0.3,115.2,104.2,125.6,49.3,12.3,50.0,19.4,19-51,11-21,93.5,49.1,19.9,20.6,6.9,15-27,9-31,61,82
N,Boston College,Old Dominion,-0.2,111.8,87.8,123.7,50.7,12.1,43.2,23.9,19-41,10-26,78.4,38.6,19.6,30.2,33.3,16-36,4-21,52,82
N,Boston College,Missouri St.,-0.1,105.2,105.2,105.3,58.9,19.4,22.6,32.1,18-38,10-18,102.5,44.0,16.6,30.6,50.0,21-45,3-13,74,76
N,Boston College,Boise St.,0.4,96.9,84.4,91.9,51.0,26.3,21.4,27.5,23-39,2-12,89.0,43.1,20.4,23.5,43.1,16-34,4-17,61,63
H,Boston College,Dartmouth,-0.6,107.8,128.3,111.8,56.3,13.5,16.7,48.2,24-33,5-23,118.6,60.5,10.8,9.4,25.8,12-31,17-31,88,83
H,Boston College,South Carolina,-1.3,83.4,103.9,77.6,35.1,16.7,26.2,31.6,17-41,2-16,107.8,50.0,10.6,28.9,38.2,16-37,5-25,73,51
A,Rider,UCLA,-0.2,96.3,117.9,77.6,35.7,20.2,37.5,20.6,15-43,5-20,131.9,60.0,14.0,42.9,18.5,24-36,10-29,85,50
A,Rider,San Diego,-0.1,97.1,103.7,96.1,47.3,19.8,25.7,39.3,13-31,9-25,94.7,44.4,18.4,34.1,27.0,19-45,6-18,67,68
A,Rider,Coppin St.,-0.1,87.9,90.7,93.4,46.8,20.4,23.3,61.7,19-33,2-14,77.4,38.5,17.5,20.9,18.0,16-38,5-23,53,64
A,Rider,Navy,0.0,122.2,115.2,130.4,62.7,23.2,46.4,62.7,17-32,10-19,114.4,49.2,11.6,31.4,41.7,19-35,7-25,79,90
A,Rider,Iowa,-0.3,87.3,100.5,80.5,43.5,27.7,25.8,24.1,22-38,1-16,115.2,53.1,11.1,27.0,32.8,22-42,8-22,83,58
A,Rider,Bucknell,-0.2,95.2,91.9,93.2,37.5,19.6,43.2,51.9,12-36,5-16,86.7,42.7,19.6,23.5,41.7,10-20,7-28,53,57
A,Rider,Villanova,-0.6,85.3,102.7,81.0,47.9,28.7,33.3,16.7,17-31,4-17,121.5,54.3,13.5,34.3,20.7,9-20,15-38,72,48
H,Rider,Delaware,-1.6,99.5,115.4,105.1,46.4,11.1,36.6,4.3,23-46,6-23,114.6,54.3,9.6,20.6,22.4,18-33,9-25,72,66
A,Rider,Fairfield,-2.5,105.0,120.9,113.6,53.6,16.7,36.4,47.3,22-41,5-14,118.2,55.6,22.7,51.4,22.6,21-44,9-18,78,75
H,Rider,Quinnipiac,-3.4,104.5,119.0,104.6,47.3,15.6,35.3,35.7,22-42,3-14,112.5,52.6,21.9,46.9,31.6,21-34,6-23,72,67
H,Rider,Stony Brook,-4.4,88.2,130.1,93.3,42.3,17.0,31.4,36.5,19-40,2-12,122.2,64.4,23.8,44.0,11.5,14-27,13-25,72,55
H,Campbell,Pfeiffer,0.0,-,-,123.7,57.8,16.8,30.0,62.1,29-41,3-17,63.2,33.9,29.6,29.8,28.8,11-34,6-25,49,96
A,Campbell,Virginia,-0.5,105.5,109.8,95.4,47.3,15.3,20.0,7.1,10-27,11-29,110.7,64.3,18.7,18.2,42.9,18-29,6-13,65,56
H,Campbell,Saint Francis,-1.5,87.7,101.3,93.3,49.0,26.2,25.9,43.8,16-24,5-24,94.8,56.0,26.2,19.2,22.0,19-32,6-18,65,64
H,Campbell,Newberry,-1.5,-,-,124.2,60.0,12.0,20.0,18.3,18-37,12-23,59.8,34.8,32.9,30.0,47.8,10-31,4-15,40,83
A,Campbell,Navy,-1.4,109.2,98.5,121.3,55.8,12.7,28.1,36.7,23-37,7-23,93.1,46.4,21.1,27.8,43.6,18-39,5-16,66,86
A,Campbell,Ohio St.,-1.8,96.2,124.5,82.2,44.2,20.5,12.1,40.4,17-32,4-20,142.5,75.0,11.0,21.4,30.6,27-42,13-20,104,60
A,Campbell,Evansville,-2.6,81.3,101.8,80.3,37.8,21.2,14.7,36.7,11-27,5-22,100.0,51.0,16.7,20.0,39.2,17-27,6-24,66,53
A,Campbell,Green Bay,-2.5,95.7,91.8,100.6,52.6,16.8,17.6,25.9,17-30,9-28,92.2,44.8,15.4,16.7,32.8,17-32,6-26,66,72
H,Campbell,Coastal Carolina,-3.5,84.2,101.2,90.6,37.0,14.3,21.1,54.0,11-28,5-22,92.2,51.0,20.7,24.2,39.6,17-34,5-14,58,57
A,Campbell,The Citadel,-3.4,120.8,106.7,134.0,58.1,9.3,34.4,22.6,18-35,12-27,90.4,46.4,21.8,28.6,21.8,18-31,5-24,58,86
A,Campbell,Morgan St.,-4.4,100.8,128.2,109.0,47.4,18.6,32.4,41.4,14-33,9-25,123.3,69.4,20.1,31.8,31.5,33-47,3-7,86,76
H,UCLA,Rider,0.0,120.4,88.5,131.9,60.0,14.0,42.9,18.5,24-36,10-29,77.6,35.7,20.2,37.5,20.6,15-43,5-20,50,85
N,UCLA,New Mexico,-0.6,86.9,92.7,84.9,40.9,27.9,35.0,49.1,15-32,5-23,95.5,57.1,31.8,28.6,46.9,19-34,6-15,72,64
H,UCLA,Boston University,-0.5,90.5,61.9,97.8,44.2,20.7,34.4,35.0,19-38,5-22,55.1,37.0,38.6,21.9,19.6,8-22,6-24,40,71
H,UCLA,Lehigh,-0.5,115.7,76.9,130.3,58.0,12.3,44.0,46.4,28-43,3-13,69.0,35.3,16.9,10.0,29.4,9-27,6-24,45,85
H,UCLA,Idaho St.,-0.4,131.8,119.1,134.4,67.0,17.6,38.1,55.3,18-33,9-14,112.0,54.6,19.2,37.0,25.9,13-21,11-33,70,84
H,UCLA,Cal St. Fullerton,-0.4,111.1,83.4,121.1,55.0,10.6,31.6,38.3,24-42,6-18,71.2,33.7,31.8,35.1,25.0,10-28,5-24,47,80
H,UCLA,Southern Utah,-0.3,114.5,67.8,123.6,51.3,11.2,50.0,11.3,32-60,6-20,60.4,40.0,42.1,25.0,37.5,10-24,4-16,43,88
H,UCLA,Washington,-0.2,110.4,91.6,107.1,48.3,12.4,28.6,36.7,17-39,8-21,90.0,41.8,18.6,30.3,49.0,16-33,3-16,58,69
A,UCLA,Oregon,0.6,120.7,94.3,109.0,54.8,13.4,20.0,11.3,16-39,12-23,106.0,55.5,19.4,34.6,25.5,17-34,9-21,71,73
N,UCLA,Arizona,1.2,96.2,78.8,88.6,49.0,21.8,24.2,31.4,19-30,4-21,84.0,47.6,34.2,36.0,45.2,17-26,2-16,54,57
H,UCLA,Prairie View A&M,1.2,125.0,106.9,147.0,67.2,13.2,40.0,60.7,26-40,10-21,99.4,56.9,22.5,15.6,47.1,14-30,10-21,75,111
H,Florida St.,Northern Kentucky,0.1,96.8,85.1,96.4,47.6,15.6,18.9,28.6,24-41,4-22,80.8,45.9,28.7,16.7,46.9,12-21,7-28,62,74
N,Florida St.,Rice,0.2,103.5,93.5,102.2,47.2,18.2,30.6,63.0,18-35,5-19,91.0,43.4,23.8,35.9,58.5,11-28,8-25,65,73
H,Florida St.,Tarleton St.,0.2,93.5,84.5,99.1,49.0,23.4,37.9,77.6,18-28,4-21,71.6,35.6,28.9,21.2,62.2,10-30,4-15,52,72
H,Florida St.,Florida,-0.2,106.3,102.9,99.3,43.6,10.7,29.2,30.0,20-50,7-20,116.7,60.7,25.5,46.4,27.9,22-33,10-28,87,74
H,Florida St.,Hofstra,-0.1,114.2,95.9,114.3,53.5,17.4,31.3,40.4,17-31,9-26,88.2,56.0,28.9,19.2,14.0,16-26,8-24,61,79
N,Florida St.,Temple,0.1,106.2,92.3,105.7,51.6,20.3,37.1,39.3,21-42,7-19,93.5,43.8,19.0,31.6,57.1,17-35,5-21,69,78
N,Florida St.,Massachusetts,0.2,118.2,89.1,126.8,64.7,13.8,27.6,48.3,24-40,9-18,81.3,33.6,23.4,39.5,50.0,15-34,3-24,59,92
H,Florida St.,Western Carolina,0.2,114.8,86.6,119.2,65.7,23.6,28.6,48.1,22-33,9-21,74.7,39.1,24.9,28.2,14.1,13-28,8-36,57,91
A,Florida St.,LSU,-0.2,114.6,108.2,102.6,43.1,19.1,44.0,30.6,22-53,6-19,116.3,52.4,15.0,39.5,46.8,19-35,9-27,85,75
A,Florida St.,N.C. State,-0.7,116.4,113.5,106.8,45.4,18.8,32.4,53.7,20-38,3-16,121.3,59.3,14.4,30.0,53.7,20-31,8-23,84,74
N,Florida St.,Tulane,-0.6,112.8,91.6,111.2,55.8,15.9,7.4,81.4,15-26,6-17,92.4,36.4,20.2,37.5,42.4,17-37,3-22,64,77
H,Florida St.,Winthrop,-0.5,105.4,86.8,107.2,56.6,26.1,47.1,27.9,24-41,7-20,83.7,36.0,19.6,29.8,33.8,11-32,9-36,64,82
H,Illinois,Eastern Illinois,0.0,121.8,96.6,134.4,60.9,15.6,38.9,71.9,15-22,16-42,80.4,41.2,9.6,12.0,36.8,22-56,4-12,67,112
H,Illinois,SIU Edwardsville,0.1,124.9,97.2,132.0,56.3,7.3,42.1,44.4,13-25,15-38,85.1,34.2,13.2,38.0,23.3,16-49,6-24,58,90
H,Illinois,Oakland,0.1,95.8,82.1,96.1,48.2,26.2,38.7,30.9,16-30,7-25,78.7,41.5,26.2,24.2,20.8,16-28,4-25,54,66
N,Illinois,Alabama,-0.1,115.5,107.0,107.0,52.1,16.0,31.8,33.8,22-41,10-30,123.0,59.3,8.6,18.9,17.3,28-41,11-34,100,87
H,Illinois,Maryland Eastern Shore,-0.1,99.3,69.6,119.7,51.4,12.4,44.2,24.3,23-34,10-40,55.0,25.7,20.6,25.9,11.8,10-48,5-20,40,87
H,Illinois,Little Rock,0.0,126.6,62.8,134.3,51.5,11.7,50.0,38.2,20-37,10-31,49.6,26.4,20.4,15.9,21.8,10-41,3-14,34,92
N,Illinois,Arkansas,0.5,139.4,98.8,124.8,65.8,15.2,22.2,38.6,15-26,15-31,106.7,52.6,15.2,26.3,46.6,23-41,5-17,77,90
A,Illinois,Northwestern,0.1,101.5,87.0,87.8,44.0,14.6,17.1,16.4,16-33,9-34,93.1,41.7,5.3,21.3,23.6,24-51,4-21,70,66
H,Illinois,Wisconsin,0.5,118.9,97.1,116.3,50.0,17.6,45.5,39.1,17-31,10-33,108.2,52.4,16.2,30.6,33.3,18-34,10-29,80,86
H,Illinois,Tennessee,0.3,116.1,89.7,97.4,33.3,16.7,32.4,70.6,11-28,4-23,100.5,37.1,9.1,40.5,45.2,14-38,6-24,66,64
H,Virginia,Campbell,0.0,106.4,103.4,110.7,64.3,18.7,18.2,42.9,18-29,6-13,95.4,47.3,15.3,20.0,7.1,10-27,11-29,56,65
H,Virginia,Coppin St.,0.0,89.9,84.4,97.4,49.0,18.9,18.8,23.1,12-25,9-27,70.7,32.0,15.7,10.8,32.0,10-31,4-19,45,62
N,Virginia,Villanova,0.5,112.5,83.6,111.7,65.3,19.1,12.0,18.4,11-24,14-25,95.7,43.5,20.7,33.3,31.5,10-22,9-32,60,70
N,Virginia,Tennessee,0.3,89.9,89.1,69.4,34.7,29.8,30.6,22.4,8-29,6-20,105.8,44.7,11.6,43.9,15.2,16-41,9-25,64,42
N,Virginia,St. John's,0.0,99.9,113.3,87.8,50.0,25.5,20.7,40.0,9-17,9-28,127.7,60.7,11.2,35.5,16.4,22-37,10-24,80,55
H,Virginia,Manhattan,0.1,112.1,108.4,119.5,59.3,12.9,25.0,27.8,23-40,6-14,104.9,53.8,22.6,32.3,18.9,12-27,11-26,65,74
H,Virginia,Holy Cross,0.1,103.6,76.9,116.4,51.8,10.4,28.1,21.8,15-30,9-25,71.3,38.2,19.1,20.0,9.8,12-29,5-22,41,67
A,Virginia,Florida,-0.1,122.5,112.5,107.2,52.6,23.3,40.6,17.5,18-36,8-21,135.2,60.0,9.3,34.4,35.0,21-35,10-25,87,69
A,Virginia,SMU,-0.5,90.2,86.5,80.8,42.6,22.2,9.7,25.5,8-28,8-19,99.8,49.0,19.0,26.7,40.8,15-25,6-24,63,51
H,Virginia,Bethune Cookman,-0.4,93.2,89.2,103.0,51.0,19.2,32.3,24.0,15-27,7-23,71.6,35.5,14.0,19.5,10.9,12-35,5-20,41,59
H,Stanford,Denver,0.0,111.1,98.5,122.8,54.6,15.9,42.9,27.7,25-42,7-23,89.5,49.0,28.9,32.3,47.9,19-31,3-17,62,85
H,Stanford,Cal St. Fullerton,0.1,112.4,100.5,126.0,56.6,14.2,34.5,49.1,12-21,12-32,83.4,36.3,22.0,22.6,82.5,10-28,3-12,53,80
H,Stanford,Northern Arizona,0.1,131.7,111.3,147.1,66.7,9.8,41.7,28.1,20-34,12-23,104.6,51.8,16.3,27.6,14.3,17-34,8-22,64,90
H,Stanford,UC Davis,0.2,113.8,97.2,109.0,43.3,13.8,37.2,37.3,17-39,8-28,89.7,50.0,19.3,9.4,32.1,19-37,5-16,65,79
H,Stanford,Norfolk St.,0.2,105.9,99.7,110.4,41.1,9.5,39.1,66.1,11-22,8-34,99.4,49.1,18.9,20.0,20.4,19-38,5-16,63,70
A,Stanford,Santa Clara,0.8,104.6,93.9,101.2,48.4,17.1,35.7,33.3,23-50,5-13,98.3,45.3,24.2,36.4,49.1,18-34,4-19,69,71
N,Stanford,Grand Canyon,0.1,101.6,98.7,95.2,41.3,17.4,31.6,38.1,20-41,4-22,104.6,50.9,16.1,18.8,53.7,20-42,5-12,78,71
H,Stanford,Cal Poly,-0.9,114.9,124.2,117.0,53.7,11.7,26.3,32.8,21-34,10-33,126.1,63.9,18.2,26.7,36.1,21-31,12-30,97,90
H,Stanford,Utah Valley,-0.8,105.2,89.2,104.3,51.6,17.6,27.0,27.0,25-43,5-20,85.3,40.8,16.3,25.0,24.6,19-48,5-17,63,77
A,Stanford,California,-0.4,136.5,110.0,134.7,62.3,10.6,26.9,35.1,19-34,11-23,122.6,47.9,10.6,47.6,22.5,22-50,8-21,81,89
H,Stanford,Merrimack,-0.3,116.0,105.5,110.0,54.5,16.3,29.7,35.7,14-33,11-23,101.1,50.0,16.3,15.6,30.9,17-30,7-25,68,74
H,California,Cal St. Bakersfield,0.0,113.4,104.0,118.2,48.2,15.1,39.5,70.2,17-34,7-23,100.3,50.8,23.4,35.0,29.0,18-46,9-16,73,86
H,California,Cal Poly,0.1,111.4,101.4,120.4,54.6,13.2,37.8,43.1,19-39,11-26,96.5,46.6,23.8,25.6,39.7,12-32,10-26,73,91
A,California,Vanderbilt,-0.3,93.7,100.8,90.7,48.2,26.3,23.5,38.2,19-41,5-14,111.8,56.6,10.5,21.1,22.1,28-43,7-25,85,69
A,California,USC,0.2,113.6,95.9,107.7,55.5,19.7,25.0,23.6,20-34,7-21,100.1,49.1,15.2,27.3,24.6,19-36,6-21,66,71
H,California,Air Force,0.2,111.5,111.5,118.1,57.7,22.7,43.3,51.9,24-39,4-13,104.5,61.8,24.2,25.0,21.6,15-27,11-24,69,78
H,California,Sacramento St.,0.3,110.4,120.5,116.2,53.8,18.2,35.1,73.6,18-27,7-26,107.8,51.7,15.4,27.8,44.8,15-31,10-27,77,83
H,California,Mercyhurst,0.3,109.4,96.9,124.5,65.1,21.5,37.0,34.0,18-32,11-21,84.5,40.6,16.9,20.0,30.2,17-40,3-13,55,81
A,California,Missouri,-0.1,130.3,112.3,122.4,58.1,19.7,42.4,40.3,21-38,10-24,129.0,68.9,14.5,20.0,71.7,32-44,3-9,98,93
H,California,Stanford,-0.9,120.4,131.1,122.6,47.9,10.6,47.6,22.5,22-50,8-21,134.7,62.3,10.6,26.9,35.1,19-34,11-23,89,81
H,California,Cornell,-1.7,103.8,117.2,109.5,53.1,24.6,43.6,25.0,16-31,12-33,120.5,56.0,13.7,33.3,29.9,24-35,9-32,88,80
H,California,Northwestern St.,-1.7,121.9,114.4,130.7,64.2,20.2,37.9,39.6,16-28,12-25,102.7,50.0,17.1,35.1,27.6,17-38,8-20,66,84
H,Clemson,Charleston Southern,0.0,119.6,100.1,129.8,57.7,10.0,36.1,36.9,21-44,11-21,91.3,51.0,25.7,28.9,54.0,9-25,11-25,64,91
H,Clemson,Saint Francis,0.1,112.2,94.9,122.5,69.6,22.3,32.0,30.4,21-29,12-27,86.3,46.4,22.3,20.0,25.0,14-36,8-20,62,88
H,Clemson,Eastern Kentucky,0.1,110.3,97.8,115.9,51.6,20.1,50.0,31.1,21-37,7-24,95.8,47.5,23.2,37.1,8.2,20-37,6-24,62,75
A,Clemson,Boise St.,-0.2,112.4,106.0,100.2,41.2,11.3,31.1,29.4,19-43,6-25,118.5,51.8,16.9,35.5,54.5,18-31,7-24,84,71
H,Clemson,Radford,-0.2,113.8,84.0,123.0,62.2,17.1,23.1,44.9,14-26,11-23,79.4,34.5,17.1,26.8,34.5,13-35,4-20,51,79
N,Clemson,San Francisco,0.3,119.2,90.1,113.8,54.3,19.5,43.8,17.2,21-41,7-17,89.4,47.1,21.1,16.1,13.7,12-27,8-24,55,70
N,Clemson,Penn St.,0.9,115.2,91.0,108.2,51.8,18.8,31.4,35.1,16-38,9-19,96.7,50.0,24.5,30.3,26.8,22-38,4-18,67,75
H,Clemson,Florida A&M,0.9,115.4,108.7,130.0,57.5,13.6,39.4,33.3,21-35,9-25,87.6,51.8,24.2,20.0,10.9,12-29,11-26,58,86
H,Clemson,Kentucky,1.5,109.7,86.3,103.3,43.1,11.8,34.1,29.2,16-40,8-25,97.4,43.7,17.7,34.1,28.6,17-36,7-27,66,70
A,Clemson,Miami FL,1.9,103.7,84.5,109.7,47.4,11.8,33.3,20.7,14-31,9-27,92.8,44.6,21.9,35.3,10.7,19-31,4-25,55,65
H,Clemson,Memphis,1.3,114.0,107.0,109.9,52.2,17.4,33.3,22.4,20-36,10-31,116.6,61.7,21.4,32.3,28.3,19-35,12-25,87,82
A,Clemson,South Carolina,0.9,123.3,113.4,116.5,53.9,13.2,25.0,32.8,21-43,9-21,120.4,57.8,15.9,35.5,58.6,23-41,7-17,91,88
H,Syracuse,Le Moyne,0.0,102.1,117.6,111.2,45.8,14.2,44.4,43.1,27-50,4-22,106.0,57.0,20.7,21.2,40.4,19-32,9-25,82,86
H,Syracuse,Colgate,0.1,102.5,107.1,105.7,50.0,10.0,26.2,11.4,23-47,8-23,102.8,51.6,8.6,12.8,17.2,18-37,10-27,72,74
H,Syracuse,Youngstown St.,0.1,115.7,120.5,116.0,54.1,12.3,31.0,52.1,32-51,5-22,106.0,50.0,11.2,14.0,41.7,24-41,8-31,95,104
N,Syracuse,Texas,-0.3,102.3,98.7,97.6,50.0,16.3,22.9,31.6,21-36,5-21,103.6,50.0,14.8,26.7,24.1,23-43,4-15,70,66
N,Syracuse,Texas Tech,-0.7,117.4,104.3,109.4,47.2,17.7,32.3,52.8,16-32,6-21,116.8,49.2,4.4,23.7,33.3,19-39,8-24,79,74
H,Syracuse,Cornell,-0.5,101.5,94.3,108.5,44.5,7.9,29.5,27.4,25-60,5-13,95.2,50.0,15.9,10.3,19.4,13-22,12-40,72,82
A,Syracuse,Tennessee,-0.6,124.8,117.4,99.7,54.7,15.7,15.6,39.6,20-34,6-19,136.8,61.5,11.4,38.2,36.9,25-36,10-29,96,70
A,Syracuse,Notre Dame,-1.1,98.5,94.3,94.0,47.1,19.1,21.9,47.1,24-42,0-9,101.3,53.1,22.0,27.3,55.1,14-27,8-22,69,64
H,Syracuse,Albany,-1.1,130.1,120.0,140.1,68.3,15.1,37.5,28.6,34-48,6-15,116.8,52.9,6.9,29.3,27.1,22-42,10-28,85,102
H,Syracuse,Georgetown,-1.9,110.7,109.1,104.4,46.3,14.7,29.4,53.7,19-38,4-16,110.3,52.3,14.7,33.3,16.9,25-40,6-25,75,71
H,Miami FL,Fairleigh Dickinson,0.0,132.8,107.0,151.7,71.7,10.7,38.5,26.1,39-52,7-17,96.7,53.8,20.1,18.2,45.3,18-30,7-23,72,113
H,Miami FL,Binghamton,0.0,118.3,102.7,128.5,57.8,10.2,25.8,43.1,17-27,11-31,93.4,49.1,17.5,16.7,27.3,15-31,8-24,64,88
H,Miami FL,Coppin St.,0.1,126.1,114.2,138.5,67.2,13.4,34.5,14.1,22-37,14-27,93.9,45.5,11.9,17.9,37.5,18-40,5-16,63,93
N,Miami FL,Drake,-0.5,120.7,128.2,112.1,50.0,14.6,19.2,65.9,10-23,8-21,130.0,50.0,9.8,43.8,50.0,22-37,4-19,80,69
N,Miami FL,Oklahoma St.,-1.2,110.9,121.0,112.2,50.0,19.7,39.4,36.2,20-34,6-24,121.3,56.1,12.1,33.3,36.8,17-35,10-22,80,74
N,Miami FL,VCU,-1.7,120.1,118.8,110.1,45.0,14.2,36.8,31.7,18-37,6-23,121.1,60.0,17.3,33.3,27.3,18-27,10-28,77,70
H,Miami FL,Charleston Southern,-2.6,109.1,130.5,116.3,57.6,14.7,25.8,23.7,16-26,12-33,122.2,59.5,17.7,36.4,17.5,21-39,11-24,83,79
H,Miami FL,Arkansas,-3.3,120.1,105.1,108.1,55.8,16.3,25.0,13.3,20-31,9-29,112.5,57.3,16.3,26.5,14.5,19-39,11-23,76,73
H,Miami FL,Clemson,-3.9,102.7,100.1,92.8,44.6,21.9,35.3,10.7,19-31,4-25,109.7,47.4,11.8,33.3,20.7,14-31,9-27,65,55
N,Miami FL,Tennessee,-4.0,109.0,99.2,91.6,45.9,20.7,26.8,16.4,16-28,8-33,110.9,57.7,16.3,18.5,34.6,15-27,10-25,75,62
H,Miami FL,Presbyterian,-4.0,136.9,122.8,146.7,74.0,14.0,30.0,42.3,28-38,7-14,117.1,53.2,4.7,23.7,19.0,20-36,9-27,75,94
H,Auburn,Vermont,0.1,132.4,73.5,134.8,68.8,12.9,27.6,17.2,20-29,16-35,61.7,30.2,22.9,22.2,19.0,10-35,5-23,43,94
N,Auburn,Houston,0.9,139.3,101.0,118.9,59.8,19.3,37.9,37.3,20-28,7-23,110.9,45.7,16.1,40.5,37.9,19-45,5-13,69,74
H,Auburn,Kent St.,1.1,129.1,94.2,124.8,54.4,9.5,34.4,38.6,22-33,6-24,88.5,36.9,12.6,28.6,24.6,15-40,5-21,56,79
H,Auburn,North Alabama,1.2,128.3,100.6,137.6,71.4,14.8,30.8,27.0,27-36,12-27,93.1,46.1,17.5,22.9,17.2,22-49,5-15,69,102
N,Auburn,Iowa St.,1.9,127.8,102.3,116.7,55.1,16.9,31.3,37.3,19-32,9-27,113.9,53.8,12.7,16.7,54.7,18-35,7-18,81,83
N,Auburn,North Carolina,2.5,124.3,87.2,114.8,51.4,10.8,27.5,24.6,19-39,11-30,97.2,48.4,13.5,18.4,30.6,21-46,6-16,72,85
N,Auburn,Memphis,3.0,144.6,100.0,134.2,63.3,13.4,37.9,28.3,26-36,8-24,113.3,55.4,16.4,27.6,33.9,22-47,6-9,76,90
A,Auburn,Duke,2.9,152.9,117.1,124.3,53.1,12.7,40.5,18.8,19-39,10-25,133.8,57.8,6.4,33.3,46.6,20-36,9-22,84,78
H,Auburn,Richmond,3.0,125.8,81.6,133.5,57.2,9.5,41.7,39.1,20-39,13-30,73.5,32.2,20.4,22.7,32.2,10-29,6-30,54,98
N,Auburn,Ohio St.,3.5,145.3,78.3,139.3,54.9,7.7,41.0,19.4,20-42,13-30,81.1,41.2,12.2,13.2,37.3,12-35,6-16,53,91
H,Auburn,Georgia St.,3.5,121.6,91.4,134.4,64.8,14.8,37.0,42.6,26-36,9-25,79.3,37.1,26.9,41.5,32.3,17-40,4-22,59,100
H,Alabama,UNC Asheville,0.1,134.3,82.7,148.4,70.0,13.5,48.3,61.7,30-42,8-18,72.9,31.5,12.1,25.5,19.2,14-47,6-26,54,110
H,Alabama,Arkansas St.,0.3,109.6,94.0,104.1,45.5,14.2,29.8,66.7,21-35,6-31,93.5,45.2,15.4,18.2,58.1,19-34,6-28,79,88
H,Alabama,McNeese St.,0.5,112.3,89.8,107.8,55.0,22.5,30.3,48.0,11-16,11-34,95.8,45.1,19.5,31.6,18.0,17-37,7-24,64,72
A,Alabama,Purdue,0.3,126.9,110.7,115.6,51.6,11.9,30.6,23.8,19-34,9-29,128.9,56.3,4.4,27.8,39.7,22-47,9-16,87,78
N,Alabama,Illinois,1.0,141.0,96.1,123.0,59.3,8.6,18.9,17.3,28-41,11-34,107.0,52.1,16.0,31.8,33.8,22-41,10-30,87,100
N,Alabama,Houston,1.8,132.8,95.6,112.5,45.1,19.8,47.7,67.2,11-30,11-31,105.9,41.5,15.9,36.4,50.8,18-46,6-19,80,85
N,Alabama,Rutgers,2.2,124.2,106.6,120.5,60.3,25.4,45.7,62.1,20-33,10-25,114.1,46.2,11.4,30.8,53.8,27-52,2-13,90,95
N,Alabama,Oregon,1.8,120.3,101.9,109.9,51.6,20.4,35.7,31.3,15-26,12-38,112.6,47.7,10.9,29.3,37.9,24-49,5-17,83,81
A,Alabama,North Carolina,2.5,122.1,85.2,112.7,57.7,16.8,22.9,18.3,23-38,12-33,94.7,44.2,15.6,31.9,20.5,27-50,5-28,79,94
H,Alabama,Creighton,2.9,121.0,93.5,110.6,47.1,14.7,38.6,31.4,24-40,6-30,100.0,51.7,17.3,14.7,26.7,19-33,8-27,75,83
A,Alabama,North Dakota,3.0,119.0,121.7,129.3,61.1,18.7,45.7,47.6,22-29,11-34,120.0,54.6,14.7,36.4,10.5,16-35,17-41,90,97
H,Kansas,Howard,0.1,115.3,80.5,122.3,70.8,19.7,21.7,30.2,21-31,11-22,80.1,44.8,23.9,21.6,20.7,14-36,8-22,57,87
H,Kansas,North Carolina,0.5,128.3,103.6,118.9,52.6,5.2,28.6,22.4,31-55,6-21,115.0,48.4,14.2,27.0,49.2,20-40,7-23,89,92
N,Kansas,Michigan St.,1.1,105.8,81.0,97.8,44.2,12.7,25.6,31.9,23-52,5-17,87.7,37.0,14.0,23.4,30.4,21-45,3-24,69,77
H,Kansas,Oakland,1.1,123.3,94.4,123.9,64.3,12.7,23.1,19.6,24-36,8-20,90.5,49.1,19.1,27.8,21.8,18-33,6-22,57,78
H,Kansas,UNC Wilmington,1.3,116.2,94.1,120.0,59.7,14.3,29.0,25.8,28-37,6-25,94.3,42.9,17.1,25.6,42.9,15-37,6-19,66,84
N,Kansas,Duke,2.1,134.9,92.7,110.1,56.1,23.5,33.3,21.1,20-40,8-17,105.7,61.5,23.5,19.2,37.5,13-22,11-26,72,75
H,Kansas,Furman,2.2,124.5,87.7,130.3,64.1,10.6,30.8,9.4,35-47,4-17,77.3,37.7,16.7,19.0,22.8,8-19,9-38,51,86
A,Kansas,Creighton,1.9,98.6,101.8,90.1,41.4,7.1,19.1,11.4,17-47,8-23,108.7,58.5,21.4,21.4,32.1,13-24,12-29,76,63
A,Kansas,Missouri,1.5,92.2,95.5,91.8,46.0,30.1,41.0,17.5,17-40,8-23,104.1,48.1,15.1,20.0,59.6,19-39,4-13,76,67
H,Kansas,N.C. State,1.7,126.8,94.3,121.1,66.0,21.0,34.8,13.2,20-29,10-24,96.9,42.1,12.9,28.2,31.6,15-42,6-15,60,75
H,Tennessee,Gardner Webb,0.1,113.5,96.1,118.4,58.2,16.3,26.7,38.2,20-32,8-23,94.7,49.1,22.2,32.3,27.3,18-32,6-23,64,80
A,Tennessee,Louisville,0.7,123.3,76.0,114.6,66.0,29.8,48.0,20.8,20-34,10-19,81.8,35.0,22.3,31.7,21.7,6-21,10-39,55,77
H,Tennessee,Montana,0.8,120.7,91.0,134.4,69.6,19.0,35.0,49.0,22-30,9-21,83.3,41.3,16.1,11.4,36.5,11-27,7-25,57,92
H,Tennessee,Austin Peay,0.8,140.0,107.4,143.3,68.1,15.3,48.1,56.9,32-44,5-14,94.6,43.5,18.1,26.8,27.4,12-29,10-33,68,103
N,Tennessee,Virginia,1.1,109.7,76.2,105.8,44.7,11.6,43.9,15.2,16-41,9-25,69.4,34.7,29.8,30.6,22.4,8-29,6-20,42,64
N,Tennessee,Baylor,1.8,140.2,81.6,126.0,65.2,24.5,39.1,47.8,12-19,12-27,101.4,47.5,19.6,44.1,13.6,19-37,6-22,62,77
H,Tennessee,Tennessee Martin,1.8,111.2,74.7,126.8,55.6,17.9,58.8,15.9,20-26,10-37,56.9,28.3,29.3,25.6,13.2,6-22,6-31,35,78
H,Tennessee,Syracuse,2.0,130.4,98.9,136.8,61.5,11.4,38.2,36.9,25-36,10-29,99.7,54.7,15.7,15.6,39.6,20-34,6-19,70,96
N,Tennessee,Miami FL,2.3,106.3,81.6,110.9,57.7,16.3,18.5,34.6,15-27,10-25,91.6,45.9,20.7,26.8,16.4,16-28,8-33,62,75
A,Tennessee,Illinois,3.1,113.6,88.9,100.5,37.1,9.1,40.5,45.2,14-38,6-24,97.4,33.3,16.7,32.4,70.6,11-28,4-23,64,66
H,Tennessee,Western Carolina,3.1,104.2,64.8,114.6,52.2,13.6,37.8,20.3,24-42,8-27,49.1,26.6,31.4,29.2,6.3,8-25,6-39,36,84
H,Purdue,Texas A&M Corpus Chris,0.1,119.6,102.7,123.2,66.4,21.9,33.3,49.1,20-29,11-26,99.9,49.3,12.3,19.4,10.4,24-48,6-19,73,90
H,Purdue,Northern Kentucky,0.2,114.1,87.3,115.8,61.8,20.9,30.8,27.5,18-29,9-22,80.5,34.2,20.9,37.5,24.6,12-34,5-23,50,72
H,Purdue,Yale,0.4,127.6,108.1,126.7,64.4,13.8,20.0,61.5,17-29,11-23,115.7,56.9,13.8,29.7,29.2,25-39,8-26,84,92
H,Purdue,Alabama,0.9,134.4,102.3,128.9,56.3,4.4,27.8,39.7,22-47,9-16,115.6,51.6,11.9,30.6,23.8,19-34,9-29,78,87
A,Purdue,Marquette,0.7,99.0,95.9,85.5,46.0,22.1,15.6,36.0,14-32,6-18,112.0,51.7,8.8,18.2,25.0,19-35,8-25,76,58
H,Purdue,Marshall,0.8,115.0,74.6,119.6,56.3,19.4,32.1,68.8,18-32,6-16,67.3,34.0,28.4,35.9,32.1,12-21,4-32,45,80
N,Purdue,N.C. State,1.2,125.9,100.1,119.9,47.2,10.1,40.6,48.1,18-38,5-16,103.0,47.2,13.5,26.5,28.3,19-36,4-17,61,71
N,Purdue,Mississippi,1.8,138.9,109.5,127.5,64.6,19.1,40.7,54.2,16-26,10-22,124.3,54.9,11.2,27.8,21.3,11-25,15-36,78,80
A,Purdue,Penn St.,1.4,104.1,105.8,97.7,59.6,33.5,26.9,40.4,16-26,8-21,113.1,56.4,22.3,28.6,68.1,16-29,7-18,81,70
H,Purdue,Maryland,2.0,129.3,105.8,119.0,55.3,11.5,28.6,19.7,23-40,9-26,111.9,53.8,14.3,31.4,13.6,19-40,11-26,78,83
N,Purdue,Texas A&M,1.6,112.1,99.5,100.6,53.8,24.4,28.6,18.9,15-27,9-26,106.7,53.0,27.4,48.3,48.0,13-28,9-22,70,66
H,Dayton,Saint Francis,0.0,110.1,92.4,123.3,51.5,9.9,41.5,36.8,23-36,8-32,80.8,43.1,18.4,13.2,19.0,16-37,6-21,57,87
H,Dayton,Northwestern,0.4,110.3,98.0,103.6,60.9,20.4,11.1,54.3,16-25,8-21,96.3,49.1,23.3,31.3,23.2,20-36,5-20,66,71
H,Dayton,Ball St.,0.4,106.4,97.5,109.1,52.8,11.3,21.2,54.7,22-34,4-19,97.8,46.2,21.3,15.2,46.2,12-34,8-18,69,77
H,Dayton,Capital,0.4,,,116.7,59.3,18.4,36.4,44.4,20-31,8-23,84.5,40.6,18.4,30.4,9.4,11-32,10-32,55,76
H,Dayton,New Mexico St.,0.5,114.6,95.0,122.1,55.2,11.6,38.2,31.0,17-31,10-27,87.5,40.9,14.9,26.3,25.5,15-38,5-17,53,74
N,Dayton,North Carolina,0.0,126.9,105.4,115.9,52.7,12.9,31.0,20.3,18-42,14-32,118.5,60.2,19.3,26.7,63.0,19-31,9-23,92,90
N,Dayton,Iowa St.,-0.2,139.8,112.0,122.5,65.0,16.0,29.2,52.0,22-32,7-18,129.8,55.2,10.2,27.6,50.0,26-41,4-17,89,84
N,Dayton,Connecticut,0.5,132.8,93.4,131.3,58.0,15.4,34.6,60.0,17-33,8-17,103.5,48.4,7.7,20.0,17.7,18-33,8-29,67,85
H,Dayton,Western Michigan,0.5,117.9,124.6,129.7,61.5,15.2,36.0,45.8,16-27,9-21,116.2,58.3,21.9,40.0,13.0,24-37,5-17,69,77
H,Dayton,Lehigh,0.5,127.1,100.6,136.3,71.4,6.3,3.8,46.9,14-27,14-22,98.3,45.2,6.3,20.0,17.7,16-39,8-23,62,86
H,Dayton,Marquette,1.1,118.9,97.0,114.8,50.8,11.3,42.9,26.2,25-42,4-19,101.8,49.1,21.0,32.4,27.8,13-25,9-29,63,71
H,Dayton,UNLV,1.2,112.6,104.3,110.7,52.0,13.4,24.1,31.4,19-30,5-21,109.1,49.1,11.7,25.8,30.2,14-34,8-19,65,66
H,Arizona,Canisius,0.0,115.0,93.7,129.2,54.4,12.5,45.9,39.7,25-40,8-28,88.9,52.9,26.4,16.1,25.5,12-25,10-26,64,93
H,Arizona,Old Dominion,0.0,120.3,72.9,138.0,56.0,12.2,55.8,38.7,30-53,8-22,59.5,33.3,24.3,20.5,29.8,16-41,2-16,44,102
A,Arizona,Wisconsin,-0.3,113.6,109.0,107.1,40.5,15.8,48.0,54.1,24-51,4-23,125.4,59.6,12.2,6.7,90.4,13-25,12-27,103,88
H,Arizona,Duke,-0.5,99.0,90.4,81.2,45.3,22.2,16.7,20.8,15-30,6-23,101.9,50.0,20.7,35.1,21.3,17-36,9-25,69,55
N,Arizona,Davidson,-0.2,125.3,92.6,132.2,64.5,17.8,36.4,29.0,28-47,11-22,90.3,45.8,15.3,22.2,11.3,16-37,11-34,71,104
N,Arizona,Oklahoma,-0.7,113.5,109.1,110.8,46.9,14.4,39.5,29.2,23-46,5-19,118.0,53.4,24.5,44.1,36.2,13-29,12-29,82,77
N,Arizona,West Virginia,-1.2,116.0,105.6,104.4,50.8,19.2,32.4,20.3,22-43,7-21,114.0,48.5,13.7,35.7,32.4,15-34,12-34,83,76
H,Arizona,Southern Utah,-1.1,126.9,90.5,132.3,54.4,11.7,45.7,52.9,28-52,6-16,85.6,45.3,23.3,29.5,23.4,14-36,10-28,66,102
N,Arizona,UCLA,-1.5,98.6,81.8,84.0,47.6,34.2,36.0,45.2,17-26,2-16,88.6,49.0,21.8,24.2,31.4,19-30,4-21,57,54
H,Arizona,Samford,-1.3,125.9,88.3,134.4,64.5,19.6,44.0,56.4,25-33,7-22,89.6,46.7,16.8,22.5,25.0,10-25,12-35,64,96
H,Houston,Jackson St.,0.0,132.2,71.9,143.2,67.2,13.3,39.3,10.4,27-47,12-20,59.1,31.9,31.0,22.2,31.9,9-24,4-23,40,97
N,Houston,Auburn,-0.1,126.2,94.5,110.9,45.7,16.1,40.5,37.9,19-45,5-13,118.9,59.8,19.3,37.9,37.3,20-28,7-23,74,69
H,Houston,Louisiana,-0.1,111.9,72.5,126.8,52.9,13.9,42.9,39.7,21-45,10-23,62.7,39.1,32.1,12.5,26.1,9-25,6-21,45,91
H,Houston,Hofstra,0.0,127.2,76.0,127.0,56.5,6.4,28.6,25.8,17-38,12-24,69.9,38.5,23.8,19.4,9.6,8-27,8-25,44,80
N,Houston,Alabama,-0.2,115.5,95.1,105.9,41.5,15.9,36.4,50.8,18-46,6-19,112.5,45.1,19.8,47.7,67.2,11-30,11-31,85,80
N,Houston,Notre Dame,0.1,109.2,84.5,106.6,50.0,8.2,22.9,15.0,21-37,6-23,88.6,45.9,19.7,22.6,28.6,12-28,7-21,54,65
N,Houston,San Diego St.,-0.4,122.1,107.7,109.5,46.0,18.8,41.5,27.4,12-38,11-24,114.2,48.2,10.9,37.8,47.4,14-32,9-25,73,70
H,Houston,Butler,-0.2,126.3,84.2,129.2,60.8,18.0,46.4,10.0,23-42,9-18,83.4,38.0,19.6,20.0,47.8,4-18,9-28,51,79
H,Houston,Troy,-0.1,117.6,75.4,112.6,52.0,18.2,40.6,27.5,13-32,9-19,76.3,26.0,21.8,40.5,44.0,10-32,2-18,42,62
H,Houston,Toledo,0.0,99.7,69.8,109.4,47.8,16.8,41.0,28.4,26-43,4-24,68.7,34.3,19.6,15.0,33.3,11-36,5-18,49,78
H,Michigan,Cleveland St.,0.0,128.0,86.0,135.0,77.2,21.4,41.7,38.6,29-39,10-18,70.8,31.4,28.1,44.4,15.7,19-51,2-19,53,101
N,Michigan,Wake Forest,-0.6,113.1,104.4,102.1,50.9,23.3,31.3,26.3,14-24,10-33,105.0,51.8,19.0,32.4,33.9,20-36,6-20,72,70
H,Michigan,TCU,-0.4,113.1,91.0,104.6,58.7,28.9,42.9,44.2,17-28,9-24,88.0,38.3,16.5,31.0,34.4,17-45,5-19,64,76
H,Michigan,Miami OH,-0.3,120.7,100.6,128.8,70.0,24.7,46.4,25.0,21-31,14-29,91.8,48.5,17.8,20.5,12.3,15-33,11-32,67,94
H,Michigan,Tarleton St.,-0.3,106.0,90.1,111.0,50.0,17.0,39.4,41.1,19-34,6-22,75.6,48.8,37.0,20.8,24.4,11-29,6-12,49,72
N,Michigan,Virginia Tech,-0.1,105.6,94.7,107.2,48.4,21.4,42.5,32.3,15-28,10-34,90.1,37.9,27.2,46.2,41.4,16-41,4-17,63,75
N,Michigan,Xavier,0.3,110.9,73.9,109.9,58.2,14.1,20.0,23.0,19-39,11-22,74.7,41.4,26.8,25.6,15.5,12-35,8-23,53,78
A,Michigan,Wisconsin,1.0,102.7,84.4,99.3,44.1,17.8,33.3,35.6,17-34,6-25,94.8,39.1,14.8,34.8,29.7,16-37,6-27,64,67
H,Michigan,Iowa,1.4,121.1,99.5,114.5,58.6,22.9,42.3,37.9,28-38,4-20,111.8,47.4,5.4,30.6,22.1,23-50,9-27,83,85
N,Michigan,Arkansas,0.9,123.6,108.4,112.3,64.4,21.9,26.7,30.5,26-41,8-18,114.8,56.8,18.1,33.3,33.3,24-43,9-23,89,87
N,Michigan,Oklahoma,0.4,130.3,111.6,123.1,50.0,14.3,44.7,40.6,26-36,4-28,124.5,57.9,18.6,35.5,42.1,15-32,12-25,87,86
