Date,Team,Opponent,Location,WAB,ADJO,ADJD,EFF,EFG%,TO%,OR%,FTR,2P,3P,Opp EFF,Opp EFG%,Opp TO%,Opp OR%,Opp FTR,Opp 2P,Opp 3P,Opponent_score,Team_score,opp_adj_o,opp_adj_d
2024-11-04,Duke,Maine,H,0.1,125.3,95.2,130.6,64.3,17.7,35.5,31.7,24-34,11-29,84.3,39.5,19.0,19.4,31.6,18-43,3-14,62,96,108.9,110.8
2024-11-08,Duke,Army,H,0.1,124.7,92.3,141.0,61.3,11.3,43.6,25.4,18-33,17-38,81.8,39.1,18.3,23.3,14.1,13-35,8-29,58,100,107.2,119.0
2024-11-12,Duke,Kentucky,N,-0.2,106.8,86.4,95.7,42.3,9.3,25.0,23.9,24-47,4-24,102.3,47.6,14.6,23.3,38.1,15-38,10-25,77,72,119.6,88.1
2024-11-16,Duke,Wofford,H,-0.1,124.7,56.9,133.7,61.3,15.5,45.2,17.7,14-24,16-38,54.4,28.9,29.5,29.3,5.3,9-24,5-33,35,86,69.8,115.5
2024-11-22,Duke,Arizona,A,0.6,111.7,75.9,101.9,50.0,20.7,35.1,21.3,17-36,9-25,81.2,45.3,22.2,16.7,20.8,15-30,6-23,55,69,98.9,90.4
2024-11-26,Duke,Kansas,N,0.3,116.1,100.5,105.7,61.5,23.5,19.2,37.5,13-22,11-26,110.1,56.1,23.5,33.3,21.1,20-40,8-17,75,72,134.8,92.6
2024-11-29,Duke,Seattle,H,0.5,98.9,72.5,103.1,48.3,19.2,30.8,32.8,13-22,10-36,70.7,25.5,23.6,23.8,66.0,6-28,4-19,48,70,88.5,89.3
2024-12-04,Duke,Auburn,H,1.2,145.6,103.4,133.8,57.8,6.4,33.3,46.6,20-36,9-22,124.3,53.1,12.7,40.5,18.8,19-39,10-25,78,84,152.8,117.1
2024-12-08,Duke,Louisville,A,1.9,115.9,94.1,112.9,51.6,10.4,25.7,22.6,20-32,8-30,96.6,48.0,22.3,23.5,41.2,8-20,11-31,65,76,121.0,97.3
2024-12-10,Duke,Incarnate Word,H,1.9,101.3,80.7,116.4,50.9,21.0,47.1,38.2,16-30,8-25,74.4,36.8,17.8,22.2,22.6,12-30,5-23,46,72,96.6,98.5
2024-12-17,Duke,George Mason,H,2.1,113.5,76.7,108.1,45.5,15.9,37.8,37.5,12-29,9-27,74.7,30.9,20.7,41.7,8.8,18-51,2-17,47,68,93.6,93.5
2024-11-04,North Carolina,Elon,H,0.1,118.4,103.0,120.6,48.1,8.0,37.5,20.0,19-48,13-32,101.8,53.3,21.4,28.6,23.0,13-32,13-29,76,90,111.1,107.7
2024-11-08,North Carolina,Kansas,A,-0.1,127.6,107.4,115.0,48.4,14.2,27.0,49.2,20-40,7-23,118.9,52.6,5.2,28.6,22.4,31-55,6-21,92,89,128.2,103.6
2024-11-15,North Carolina,American,H,0.0,122.8,90.4,144.2,64.8,12.1,38.5,55.7,29-39,7-22,74.1,36.9,17.5,16.3,18.0,12-30,7-31,55,107,96.3,116.4
2024-11-22,North Carolina,Hawaii,A,0.2,126.7,102.1,127.4,56.5,7.3,16.7,63.0,23-39,5-15,101.1,45.6,19.0,40.5,42.1,14-34,8-23,69,87,107.5,116.8
2024-11-25,North Carolina,Dayton,N,0.7,120.0,106.2,118.5,60.2,19.3,26.7,63.0,19-31,9-23,115.9,52.7,12.9,31.0,20.3,18-42,14-32,90,92,126.8,105.4
2024-11-26,North Carolina,Auburn,N,0.6,106.5,94.5,97.2,48.4,13.5,18.4,30.6,21-46,6-16,114.8,51.4,10.8,27.5,24.6,19-39,11-30,85,72,124.2,87.2
2024-11-27,North Carolina,Michigan St.,N,0.2,121.8,109.6,114.0,58.6,13.8,14.7,32.8,21-41,11-23,117.7,57.4,15.0,25.0,50.8,29-45,4-16,94,91,128.7,101.3
2024-12-04,North Carolina,Alabama,H,-0.2,102.5,98.1,94.7,44.2,15.6,31.9,20.5,27-50,5-28,112.7,57.7,16.8,22.9,18.3,23-38,12-33,94,79,122.1,85.2
2024-12-07,North Carolina,Georgia Tech,H,0.0,90.9,86.5,89.3,43.2,23.6,33.3,35.6,18-35,5-24,85.3,37.5,18.4,23.9,37.5,12-37,8-27,65,68,93.3,79.5
2024-12-14,North Carolina,La Salle,H,0.1,119.5,90.6,121.4,61.2,14.4,35.3,34.3,26-36,10-31,87.5,42.5,15.7,28.6,15.1,16-44,10-29,67,93,96.8,107.5
2024-12-17,North Carolina,Florida,N,-0.2,114.9,100.9,107.1,49.3,12.8,30.2,26.4,28-44,5-28,114.8,54.6,21.7,41.0,41.5,19-33,11-32,90,84,124.3,96.2
2024-11-04,N.C. State,USC Upstate,H,0.0,115.9,99.0,129.5,62.5,14.7,41.2,30.9,29-41,9-27,88.1,36.3,22.7,37.0,43.5,18-41,3-21,66,97,98.5,120.0
2024-11-08,N.C. State,Presbyterian,H,0.1,113.8,110.6,120.3,61.6,17.8,35.7,33.9,24-37,7-19,107.0,53.5,22.3,38.7,28.1,23-41,5-16,72,81,112.3,116.9
2024-11-13,N.C. State,Coastal Carolina,H,0.1,112.4,104.8,116.2,47.4,14.2,34.3,61.4,27-47,0-10,99.2,50.0,26.9,35.7,39.2,18-33,5-18,70,82,105.9,111.2
2024-11-18,N.C. State,Colgate,H,0.1,95.2,72.6,100.2,47.2,16.7,18.2,48.1,21-40,3-14,68.2,37.3,20.9,20.0,7.9,16-37,5-26,49,72,73.0,95.7
2024-11-22,N.C. State,William & Mary,H,0.2,102.5,81.2,111.5,53.1,14.6,28.9,35.9,25-45,6-19,81.0,42.5,27.9,27.5,20.0,15-29,7-31,61,84,87.7,105.6
2024-11-28,N.C. State,Purdue,N,-0.2,109.9,105.4,103.0,47.2,13.5,26.5,28.3,19-36,4-17,119.9,47.2,10.1,40.6,48.1,18-38,5-16,71,61,125.9,100.1
2024-11-29,N.C. State,BYU,N,-0.6,96.2,104.2,94.4,44.7,13.9,23.1,24.6,12-34,9-23,111.4,50.8,21.7,39.5,27.1,15-33,10-26,72,61,121.7,87.5
2024-12-04,N.C. State,Texas,H,-1.2,108.0,98.6,99.7,49.1,15.2,29.4,25.9,19-40,5-14,106.5,52.8,20.3,39.4,26.4,16-36,8-17,63,59,113.0,96.1
2024-12-07,N.C. State,Florida St.,H,0.0,128.7,107.1,121.3,59.3,14.4,30.0,53.7,20-31,8-23,106.8,45.4,18.8,32.4,53.7,20-38,3-16,74,84,116.6,113.8
2024-12-10,N.C. State,Coppin St.,H,-0.9,94.2,108.0,104.1,41.7,14.2,37.2,40.0,16-42,6-18,88.4,45.5,23.7,29.0,59.1,17-35,2-9,56,66,96.3,97.9
2024-12-14,N.C. State,Kansas,A,-1.1,109.2,107.7,96.9,42.1,12.9,28.2,31.6,15-42,6-15,121.1,66.0,21.0,34.8,13.2,20-29,10-24,75,60,126.8,94.3
2024-11-06,Georgia Tech,West Georgia,H,0.0,106.9,91.0,113.6,53.7,16.0,40.6,25.0,26-41,7-27,82.9,40.6,10.7,14.3,28.1,17-49,6-15,62,85,86.3,111.8
2024-11-10,Georgia Tech,North Florida,H,-0.9,106.0,121.7,113.8,55.1,12.2,29.5,15.2,24-50,13-29,128.5,60.1,11.0,28.6,42.0,28-38,9-31,105,93,133.4,112.8
2024-11-12,Georgia Tech,Texas Southern,H,-0.9,105.3,87.0,109.0,47.4,18.8,34.1,58.6,11-22,11-36,83.4,37.9,16.2,28.6,33.3,16-52,6-14,62,81,86.2,108.0
2024-11-15,Georgia Tech,Georgia,H,-1.4,100.5,96.0,91.9,41.3,17.3,24.4,34.9,17-40,6-23,102.5,49.1,16.0,27.3,55.4,23-38,3-18,77,69,107.6,90.1
2024-11-23,Georgia Tech,Cincinnati,H,-2.0,92.3,108.3,83.3,39.8,17.2,30.8,33.9,16-39,5-20,116.4,58.9,17.2,34.6,19.4,23-40,9-22,81,58,121.4,82.4
2024-11-27,Georgia Tech,Charleston Southern,H,-2.0,113.3,97.4,122.0,54.9,9.4,35.1,27.8,35-61,3-11,89.9,37.5,18.8,31.0,62.5,9-32,8-24,67,91,96.2,117.7
2024-11-30,Georgia Tech,Central Arkansas,H,-1.9,124.2,119.4,134.7,58.2,7.7,35.3,32.8,16-29,13-32,105.3,49.1,12.4,17.1,24.6,7-25,14-32,68,87,112.4,130.1
2024-12-03,Georgia Tech,Oklahoma,A,-2.3,107.6,100.4,94.0,46.2,16.9,20.0,34.0,17-34,5-19,117.1,48.1,10.8,25.7,57.7,10-24,10-28,76,61,113.5,100.7
2024-12-07,Georgia Tech,North Carolina,A,-2.6,93.5,79.2,85.3,37.5,18.4,23.9,37.5,12-37,8-27,89.3,43.2,23.6,33.3,35.6,18-35,5-24,68,65,90.7,86.3
2024-12-15,Georgia Tech,Northwestern,N,-3.1,93.1,100.5,85.9,45.5,22.9,22.9,23.2,15-32,7-24,101.6,46.9,8.6,20.9,24.6,17-43,9-22,71,60,107.8,82.8
2024-11-04,Virginia Tech,Delaware St.,H,0.0,108.2,96.0,117.0,55.5,22.5,42.4,60.0,17-27,9-28,84.6,37.8,22.5,27.0,61.2,14-39,3-10,60,83,89.8,114.2
2024-11-08,Virginia Tech,USC Upstate,H,0.0,113.4,116.4,128.8,56.5,9.7,37.5,48.4,23-41,8-21,102.5,59.1,23.5,20.0,23.6,19-34,9-21,74,93,113.1,121.7
2024-11-11,Virginia Tech,Winthrop,H,0.1,88.9,86.2,91.5,40.4,20.5,43.2,31.6,11-28,8-29,82.1,38.8,17.4,28.9,22.4,15-26,5-32,52,58,87.0,89.3
2024-11-15,Virginia Tech,Penn St.,N,-0.3,96.1,107.1,87.3,50.0,32.7,32.1,57.8,15-27,5-18,117.3,58.2,16.4,21.9,54.5,20-33,8-22,86,64,119.2,89.1
2024-11-20,Virginia Tech,Jacksonville,H,-1.3,97.5,109.1,92.6,46.4,23.1,33.3,35.7,17-38,6-18,107.0,57.5,20.2,30.0,13.3,24-35,7-25,74,64,107.1,95.9
2024-11-25,Virginia Tech,Michigan,N,-1.7,103.5,94.0,90.1,37.9,27.2,46.2,41.4,16-41,4-17,107.2,48.4,21.4,42.5,32.3,15-28,10-34,75,63,105.8,94.8
2024-11-27,Virginia Tech,South Carolina,N,-2.2,100.8,104.2,95.0,45.8,14.3,24.3,15.3,15-41,8-18,110.9,54.8,15.8,25.7,40.4,12-20,11-32,70,60,114.0,95.5
2024-12-04,Virginia Tech,Vanderbilt,H,-2.9,100.0,107.4,95.7,45.0,22.4,38.9,21.7,15-31,8-29,119.6,60.9,12.0,17.9,32.7,20-28,9-27,80,64,121.7,97.6
2024-12-07,Virginia Tech,Pittsburgh,H,-3.5,100.6,88.3,90.8,50.9,26.1,26.7,13.2,15-28,6-22,108.5,54.2,22.8,25.0,23.5,18-35,8-29,64,59,99.3,93.0
2024-11-04,SMU,Tarleton St.,H,0.0,125.3,96.2,129.9,62.7,17.6,39.4,34.9,23-37,11-26,83.9,42.9,31.1,29.0,49.0,12-36,6-13,62,96,89.7,117.1
2024-11-07,SMU,Florida A&M,H,0.0,120.2,110.3,130.6,60.6,14.1,33.3,40.9,25-42,10-24,93.5,43.4,19.2,23.3,42.6,13-33,9-28,73,102,101.7,116.3
2024-11-11,SMU,UNC Greensboro,H,0.1,109.9,98.3,110.4,47.6,15.0,33.3,47.6,21-40,6-23,92.7,45.7,20.4,28.9,37.9,19-38,5-20,68,81,99.7,99.0
2024-11-15,SMU,Butler,A,-0.4,107.6,107.8,100.8,43.8,15.8,40.5,27.7,21-50,5-15,116.6,50.8,18.7,37.8,39.3,13-35,12-26,81,70,119.0,95.1
2024-11-18,SMU,Prairie View A&M,H,-0.4,110.3,98.5,136.1,58.1,17.3,56.1,41.9,25-49,12-25,85.4,36.6,18.6,29.4,32.4,17-40,6-31,69,110,100.9,114.5
2024-11-22,SMU,Mississippi St.,H,-0.9,120.6,105.0,112.0,59.6,18.4,22.2,72.3,16-24,8-23,119.1,47.8,9.9,37.2,36.8,19-42,9-26,84,79,123.3,104.2
2024-11-26,SMU,Cal Baptist,N,-0.8,119.2,112.7,122.7,60.0,17.1,35.7,32.7,21-35,8-20,119.6,59.5,14.0,31.0,22.4,21-41,9-17,77,79,122.0,115.6
2024-11-27,SMU,Washington St.,N,-0.4,122.3,96.6,122.1,46.2,14.3,56.4,28.8,23-51,5-15,95.1,45.6,12.7,21.6,26.3,11-24,10-33,60,77,107.1,105.5
2024-12-03,SMU,Alabama St.,H,-0.3,125.0,106.5,138.6,55.1,11.0,47.6,49.3,23-40,10-30,99.2,39.2,22.1,26.8,32.9,18-41,7-24,72,101,110.8,120.5
2024-11-04,Pittsburgh,Radford,H,0.1,122.5,87.5,135.7,61.5,11.3,33.3,32.3,28-42,8-23,79.2,35.3,19.8,27.9,34.5,13-39,5-19,56,96,95.4,115.7
2024-11-08,Pittsburgh,Murray St.,H,0.2,117.4,99.1,119.7,58.5,13.0,28.1,62.3,19-34,8-19,98.1,49.1,18.8,22.9,38.2,18-34,6-21,68,83,111.3,105.3
2024-11-11,Pittsburgh,Gardner Webb,H,0.3,109.5,88.1,113.5,53.8,12.3,27.0,22.7,22-36,9-30,87.5,45.2,23.2,27.9,20.6,18-46,7-17,64,83,94.7,103.7
2024-11-15,Pittsburgh,West Virginia,H,0.7,128.5,80.4,118.2,56.9,15.1,22.9,44.8,18-31,10-27,85.2,43.5,11.0,11.9,24.2,18-33,6-29,62,86,92.6,107.7
2024-11-18,Pittsburgh,VMI,H,0.7,115.2,90.2,135.6,64.1,11.7,40.0,21.9,23-36,12-28,70.0,30.0,21.9,27.1,30.0,9-36,6-24,48,93,86.8,114.3
2024-11-22,Pittsburgh,LSU,N,1.1,118.1,90.0,109.7,50.9,19.3,36.4,40.7,17-30,7-24,93.4,41.5,22.2,36.8,33.9,17-38,5-21,63,74,101.8,99.9
2024-11-24,Pittsburgh,Wisconsin,N,0.6,117.9,101.4,109.8,54.2,11.7,17.2,21.7,25-37,5-23,118.6,52.5,8.8,27.3,36.7,24-40,5-20,81,75,124.7,103.8
2024-11-29,Pittsburgh,Ohio St.,A,1.3,128.8,110.7,120.5,50.7,14.6,43.2,44.8,22-43,8-24,119.2,61.2,14.6,28.6,50.0,19-38,11-20,90,91,129.5,110.1
2024-12-04,Pittsburgh,Mississippi St.,A,1.0,93.4,114.9,84.2,37.5,16.3,29.8,20.3,12-38,8-26,133.0,63.3,20.0,16.7,20.0,12-38,10-21,90,57,139.8,80.3
2024-11-06,Notre Dame,Stonehill,H,0.0,120.4,98.2,130.9,59.8,20.6,51.5,36.1,20-38,11-23,88.2,40.2,14.7,17.5,32.1,6-25,11-31,60,89,95.7,119.2
2024-11-11,Notre Dame,Buffalo,H,0.0,101.6,109.5,110.9,55.1,12.9,14.3,45.8,25-39,5-20,99.3,50.7,14.2,18.2,15.7,19-36,11-34,77,86,104.3,103.2
2024-11-16,Notre Dame,Georgetown,A,0.5,138.9,97.4,130.9,67.6,18.7,34.8,22.2,23-33,9-21,98.2,37.1,7.8,34.6,22.9,14-38,8-32,63,84,101.7,123.9
2024-11-19,Notre Dame,North Dakota,H,0.5,99.4,91.4,110.7,54.0,10.3,22.6,16.1,29-45,3-17,85.6,41.4,22.1,32.6,12.5,13-37,9-27,58,75,91.6,101.5
2024-11-22,Notre Dame,Elon,H,-0.4,121.9,128.0,120.0,57.4,9.3,21.9,14.8,17-32,12-29,130.9,63.4,15.6,37.0,30.4,25-41,7-15,84,77,133.5,115.0
2024-11-26,Notre Dame,Rutgers,N,-1.0,119.9,106.8,114.7,54.5,19.1,37.8,22.7,15-33,14-33,116.1,50.8,12.3,34.1,43.1,21-41,8-24,85,84,119.0,109.3
2024-11-27,Notre Dame,Houston,N,-1.1,105.8,93.1,88.6,45.9,19.7,22.6,28.6,12-28,7-21,106.6,50.0,8.2,22.9,15.0,21-37,6-23,65,54,109.2,84.5
2024-11-30,Notre Dame,Creighton,N,-1.6,115.3,108.9,108.4,50.0,12.8,30.8,23.1,19-42,9-23,114.1,58.8,17.1,16.7,26.3,17-33,11-24,80,76,120.9,99.6
2024-12-03,Notre Dame,Georgia,A,-1.9,96.7,103.1,81.7,40.4,17.0,21.2,17.3,15-33,4-19,117.4,49.2,10.9,25.0,26.3,18-32,7-23,69,48,114.7,82.9
2024-11-04,Boston College,The Citadel,H,0.0,95.1,97.7,101.3,43.5,20.6,37.8,51.9,16-36,5-18,88.1,41.3,20.6,23.7,48.1,17-28,3-24,60,69,88.9,102.4
2024-11-08,Boston College,VCU,N,-0.4,88.1,104.9,76.6,31.0,23.7,34.7,50.0,15-47,2-11,111.5,50.0,16.7,36.8,48.3,18-33,8-27,80,55,110.6,79.5
2024-11-15,Boston College,Temple,H,-0.3,111.3,104.6,110.7,48.4,12.3,34.2,32.8,19-41,7-20,106.1,49.2,15.4,35.1,30.5,17-41,8-18,69,72,108.0,111.2
2024-11-19,Boston College,Loyola MD,H,-0.3,115.2,104.2,125.6,49.3,12.3,50.0,19.4,19-51,11-21,93.5,49.1,19.9,20.6,6.9,15-27,9-31,61,82,98.6,122.6
2024-11-24,Boston College,Old Dominion,N,-0.2,111.8,87.8,123.7,50.7,12.1,43.2,23.9,19-41,10-26,78.4,38.6,19.6,30.2,33.3,16-36,4-21,52,82,83.9,120.4
2024-11-25,Boston College,Missouri St.,N,-0.1,105.2,105.2,105.3,58.9,19.4,22.6,32.1,18-38,10-18,102.5,44.0,16.6,30.6,50.0,21-45,3-13,74,76,103.1,107.0
2024-11-26,Boston College,Boise St.,N,0.4,96.9,84.4,91.9,51.0,26.3,21.4,27.5,23-39,2-12,89.0,43.1,20.4,23.5,43.1,16-34,4-17,61,63,91.2,91.7
2024-11-29,Boston College,Dartmouth,H,-0.6,107.8,128.3,111.8,56.3,13.5,16.7,48.2,24-33,5-23,118.6,60.5,10.8,9.4,25.8,12-31,17-31,88,83,120.6,112.4
2024-12-03,Boston College,South Carolina,H,-1.3,83.4,103.9,77.6,35.1,16.7,26.2,31.6,17-41,2-16,107.8,50.0,10.6,28.9,38.2,16-37,5-25,73,51,111.5,79.7
2024-11-04,Rider,UCLA,A,-0.2,96.3,117.9,77.6,35.7,20.2,37.5,20.6,15-43,5-20,131.9,60.0,14.0,42.9,18.5,24-36,10-29,85,50,118.6,88.7
2024-11-06,Rider,San Diego,A,-0.1,97.1,103.7,96.1,47.3,19.8,25.7,39.3,13-31,9-25,94.7,44.4,18.4,34.1,27.0,19-45,6-18,67,68,88.0,103.7
2024-11-09,Rider,Coppin St.,A,-0.1,87.9,90.7,93.4,46.8,20.4,23.3,61.7,19-33,2-14,77.4,38.5,17.5,20.9,18.0,16-38,5-23,53,64,72.6,100.0
2024-11-12,Rider,Navy,A,0.0,122.2,115.2,130.4,62.7,23.2,46.4,62.7,17-32,10-19,114.4,49.2,11.6,31.4,41.7,19-35,7-25,79,90,106.7,140.3
2024-11-19,Rider,Iowa,A,-0.3,87.3,100.5,80.5,43.5,27.7,25.8,24.1,22-38,1-16,115.2,53.1,11.1,27.0,32.8,22-42,8-22,83,58,105.9,88.3
2024-11-23,Rider,Bucknell,A,-0.2,95.2,91.9,93.2,37.5,19.6,43.2,51.9,12-36,5-16,86.7,42.7,19.6,23.5,41.7,10-20,7-28,53,57,79.6,101.7
2024-11-27,Rider,Villanova,A,-0.6,85.3,102.7,81.0,47.9,28.7,33.3,16.7,17-31,4-17,121.5,54.3,13.5,34.3,20.7,9-20,15-38,72,48,110.6,90.4
2024-11-30,Rider,Delaware,H,-1.6,99.5,115.4,105.1,46.4,11.1,36.6,4.3,23-46,6-23,114.6,54.3,9.6,20.6,22.4,18-33,9-25,72,66,110.3,109.6
2024-12-04,Rider,Fairfield,A,-2.5,105.0,120.9,113.6,53.6,16.7,36.4,47.3,22-41,5-14,118.2,55.6,22.7,51.4,22.6,21-44,9-18,78,75,112.0,120.2
2024-12-06,Rider,Quinnipiac,H,-3.4,104.5,119.0,104.6,47.3,15.6,35.3,35.7,22-42,3-14,112.5,52.6,21.9,46.9,31.6,21-34,6-23,72,67,106.8,110.6
2024-12-14,Rider,Stony Brook,H,-4.4,88.2,130.1,93.3,42.3,17.0,31.4,36.5,19-40,2-12,122.2,64.4,23.8,44.0,11.5,14-27,13-25,72,55,115.0,100.0
2024-11-06,Campbell,Virginia,A,-0.5,105.5,109.8,95.4,47.3,15.3,20.0,7.1,10-27,11-29,110.7,64.3,18.7,18.2,42.9,18-29,6-13,65,56,105.7,104.6
2024-11-10,Campbell,Saint Francis,H,-1.5,87.7,101.3,93.3,49.0,26.2,25.9,43.8,16-24,5-24,94.8,56.0,26.2,19.2,22.0,19-32,6-18,65,64,91.1,101.6
2024-11-17,Campbell,Navy,A,-1.4,109.2,98.5,121.3,55.8,12.7,28.1,36.7,23-37,7-23,93.1,46.4,21.1,27.8,43.6,18-39,5-16,66,86,93.3,127.9
2024-11-22,Campbell,Ohio St.,A,-1.8,96.2,124.5,82.2,44.2,20.5,12.1,40.4,17-32,4-20,142.5,75.0,11.0,21.4,30.6,27-42,13-20,104,60,129.8,97.3
2024-11-24,Campbell,Evansville,A,-2.6,81.3,101.8,80.3,37.8,21.2,14.7,36.7,11-27,5-22,100.0,51.0,16.7,20.0,39.2,17-27,6-24,66,53,93.8,90.0
2024-11-30,Campbell,Green Bay,A,-2.5,95.7,91.8,100.6,52.6,16.8,17.6,25.9,17-30,9-28,92.2,44.8,15.4,16.7,32.8,17-32,6-26,66,72,86.1,112.5
2024-12-04,Campbell,Coastal Carolina,H,-3.5,84.2,101.2,90.6,37.0,14.3,21.1,54.0,11-28,5-22,92.2,51.0,20.7,24.2,39.6,17-34,5-14,58,57,93.8,93.0
2024-12-12,Campbell,The Citadel,A,-3.4,120.8,106.7,134.0,58.1,9.3,34.4,22.6,18-35,12-27,90.4,46.4,21.8,28.6,21.8,18-31,5-24,58,86,93.1,139.2
2024-12-15,Campbell,Morgan St.,A,-4.4,100.8,128.2,109.0,47.4,18.6,32.4,41.4,14-33,9-25,123.3,69.4,20.1,31.8,31.5,33-47,3-7,86,76,116.1,121.4
2024-11-04,UCLA,Rider,H,0.0,120.4,88.5,131.9,60.0,14.0,42.9,18.5,24-36,10-29,77.6,35.7,20.2,37.5,20.6,15-43,5-20,50,85,96.3,117.9
2024-11-08,UCLA,New Mexico,N,-0.6,86.9,92.7,84.9,40.9,27.9,35.0,49.1,15-32,5-23,95.5,57.1,31.8,28.6,46.9,19-34,6-15,72,64,113.2,77.3
2024-11-11,UCLA,Boston University,H,-0.5,90.5,61.9,97.8,44.2,20.7,34.4,35.0,19-38,5-22,55.1,37.0,38.6,21.9,19.6,8-22,6-24,40,71,67.9,87.9
2024-11-15,UCLA,Lehigh,H,-0.5,115.7,76.9,130.3,58.0,12.3,44.0,46.4,28-43,3-13,69.0,35.3,16.9,10.0,29.4,9-27,6-24,45,85,87.2,115.7
2024-11-20,UCLA,Idaho St.,H,-0.4,131.8,119.1,134.4,67.0,17.6,38.1,55.3,18-33,9-14,112.0,54.6,19.2,37.0,25.9,13-21,11-33,70,84,128.6,126.5
2024-11-22,UCLA,Cal St. Fullerton,H,-0.4,111.1,83.4,121.1,55.0,10.6,31.6,38.3,24-42,6-18,71.2,33.7,31.8,35.1,25.0,10-28,5-24,47,80,90.4,106.7
2024-11-26,UCLA,Southern Utah,H,-0.3,114.5,67.8,123.6,51.3,11.2,50.0,11.3,32-60,6-20,60.4,40.0,42.1,25.0,37.5,10-24,4-16,43,88,76.7,109.8
2024-12-03,UCLA,Washington,H,-0.2,110.4,91.6,107.1,48.3,12.4,28.6,36.7,17-39,8-21,90.0,41.8,18.6,30.3,49.0,16-33,3-16,58,69,106.0,98.7
2024-12-08,UCLA,Oregon,A,0.6,120.7,94.3,109.0,54.8,13.4,20.0,11.3,16-39,12-23,106.0,55.5,19.4,34.6,25.5,17-34,9-21,71,73,119.6,104.7
2024-12-14,UCLA,Arizona,N,1.2,96.2,78.8,88.6,49.0,21.8,24.2,31.4,19-30,4-21,84.0,47.6,34.2,36.0,45.2,17-26,2-16,54,57,98.6,81.9
2024-12-17,UCLA,Prairie View A&M,H,1.2,125.0,106.9,147.0,67.2,13.2,40.0,60.7,26-40,10-21,99.4,56.9,22.5,15.6,47.1,14-30,10-21,75,111,120.6,132.9
2024-11-04,Florida St.,Northern Kentucky,H,0.1,96.8,85.1,96.4,47.6,15.6,18.9,28.6,24-41,4-22,80.8,45.9,28.7,16.7,46.9,12-21,7-28,62,74,88.3,93.3
2024-11-09,Florida St.,Rice,N,0.2,103.5,93.5,102.2,47.2,18.2,30.6,63.0,18-35,5-19,91.0,43.4,23.8,35.9,58.5,11-28,8-25,65,73,99.5,98.9
2024-11-12,Florida St.,Tarleton St.,H,0.2,93.5,84.5,99.1,49.0,23.4,37.9,77.6,18-28,4-21,71.6,35.6,28.9,21.2,62.2,10-30,4-15,52,72,82.4,92.0
2024-11-15,Florida St.,Florida,H,-0.2,106.3,102.9,99.3,43.6,10.7,29.2,30.0,20-50,7-20,116.7,60.7,25.5,46.4,27.9,22-33,10-28,87,74,130.0,94.4
2024-11-19,Florida St.,Hofstra,H,-0.1,114.2,95.9,114.3,53.5,17.4,31.3,40.4,17-31,9-26,88.2,56.0,28.9,19.2,14.0,16-26,8-24,61,79,100.4,107.0
2024-11-22,Florida St.,Temple,N,0.1,106.2,92.3,105.7,51.6,20.3,37.1,39.3,21-42,7-19,93.5,43.8,19.0,31.6,57.1,17-35,5-21,69,78,103.4,101.4
2024-11-24,Florida St.,Massachusetts,N,0.2,118.2,89.1,126.8,64.7,13.8,27.6,48.3,24-40,9-18,81.3,33.6,23.4,39.5,50.0,15-34,3-24,59,92,95.9,116.6
2024-11-26,Florida St.,Western Carolina,H,0.2,114.8,86.6,119.2,65.7,23.6,28.6,48.1,22-33,9-21,74.7,39.1,24.9,28.2,14.1,13-28,8-36,57,91,86.0,111.2
2024-12-03,Florida St.,LSU,A,-0.2,114.6,108.2,102.6,43.1,19.1,44.0,30.6,22-53,6-19,116.3,52.4,15.0,39.5,46.8,19-35,9-27,85,75,123.6,102.5
2024-12-07,Florida St.,N.C. State,A,-0.7,116.4,113.5,106.8,45.4,18.8,32.4,53.7,20-38,3-16,121.3,59.3,14.4,30.0,53.7,20-31,8-23,84,74,128.6,106.9
2024-12-14,Florida St.,Tulane,N,-0.6,112.8,91.6,111.2,55.8,15.9,7.4,81.4,15-26,6-17,92.4,36.4,20.2,37.5,42.4,17-37,3-22,64,77,98.8,109.7
2024-12-17,Florida St.,Winthrop,H,-0.5,105.4,86.8,107.2,56.6,26.1,47.1,27.9,24-41,7-20,83.7,36.0,19.6,29.8,33.8,11-32,9-36,64,82,93.3,101.9
2024-11-04,Illinois,Eastern Illinois,H,0.0,121.8,96.6,134.4,60.9,15.6,38.9,71.9,15-22,16-42,80.4,41.2,9.6,12.0,36.8,22-56,4-12,67,112,101.4,113.8
2024-11-08,Illinois,SIU Edwardsville,H,0.1,124.9,97.2,132.0,56.3,7.3,42.1,44.4,13-25,15-38,85.1,34.2,13.2,38.0,23.3,16-49,6-24,58,90,103.1,114.5
2024-11-13,Illinois,Oakland,H,0.1,95.8,82.1,96.1,48.2,26.2,38.7,30.9,16-30,7-25,78.7,41.5,26.2,24.2,20.8,16-28,4-25,54,66,89.7,87.0
2024-11-20,Illinois,Alabama,N,-0.1,115.5,107.0,107.0,52.1,16.0,31.8,33.8,22-41,10-30,123.0,59.3,8.6,18.9,17.3,28-41,11-34,100,87,141.1,96.1
2024-11-23,Illinois,Maryland Eastern Shore,H,-0.1,99.3,69.6,119.7,51.4,12.4,44.2,24.3,23-34,10-40,55.0,25.7,20.6,25.9,11.8,10-48,5-20,40,87,72.6,100.3
2024-11-25,Illinois,Little Rock,H,0.0,126.6,62.8,134.3,51.5,11.7,50.0,38.2,20-37,10-31,49.6,26.4,20.4,15.9,21.8,10-41,3-14,34,92,66.3,113.5
2024-11-28,Illinois,Arkansas,N,0.5,139.4,98.8,124.8,65.8,15.2,22.2,38.6,15-26,15-31,106.7,52.6,15.2,26.3,46.6,23-41,5-17,77,90,118.4,115.8
2024-12-06,Illinois,Northwestern,A,0.1,101.5,87.0,87.8,44.0,14.6,17.1,16.4,16-33,9-34,93.1,41.7,5.3,21.3,23.6,24-51,4-21,70,66,101.6,83.3
2024-12-10,Illinois,Wisconsin,H,0.5,118.9,97.1,116.3,50.0,17.6,45.5,39.1,17-31,10-33,108.2,52.4,16.2,30.6,33.3,18-34,10-29,80,86,124.6,104.4
2024-12-14,Illinois,Tennessee,H,0.3,116.1,89.7,97.4,33.3,16.7,32.4,70.6,11-28,4-23,100.5,37.1,9.1,40.5,45.2,14-38,6-24,66,64,113.7,88.9
2024-11-06,Virginia,Campbell,H,0.0,106.4,103.4,110.7,64.3,18.7,18.2,42.9,18-29,6-13,95.4,47.3,15.3,20.0,7.1,10-27,11-29,56,65,106.4,110.5
2024-11-11,Virginia,Coppin St.,H,0.0,89.9,84.4,97.4,49.0,18.9,18.8,23.1,12-25,9-27,70.7,32.0,15.7,10.8,32.0,10-31,4-19,45,62,78.6,97.5
2024-11-15,Virginia,Villanova,N,0.5,112.5,83.6,111.7,65.3,19.1,12.0,18.4,11-24,14-25,95.7,43.5,20.7,33.3,31.5,10-22,9-32,60,70,104.7,113.6
2024-11-21,Virginia,Tennessee,N,0.3,89.9,89.1,69.4,34.7,29.8,30.6,22.4,8-29,6-20,105.8,44.7,11.6,43.9,15.2,16-41,9-25,64,42,109.9,76.3
2024-11-22,Virginia,St. John's,N,0.0,99.9,113.3,87.8,50.0,25.5,20.7,40.0,9-17,9-28,127.7,60.7,11.2,35.5,16.4,22-37,10-24,80,55,138.5,90.7
2024-11-26,Virginia,Manhattan,H,0.1,112.1,108.4,119.5,59.3,12.9,25.0,27.8,23-40,6-14,104.9,53.8,22.6,32.3,18.9,12-27,11-26,65,74,113.9,122.1
2024-11-29,Virginia,Holy Cross,H,0.1,103.6,76.9,116.4,51.8,10.4,28.1,21.8,15-30,9-25,71.3,38.2,19.1,20.0,9.8,12-29,5-22,41,67,82.6,113.5
2024-12-04,Virginia,Florida,A,-0.1,122.5,112.5,107.2,52.6,23.3,40.6,17.5,18-36,8-21,135.2,60.0,9.3,34.4,35.0,21-35,10-25,87,69,142.8,113.7
2024-12-07,Virginia,SMU,A,-0.5,90.2,86.5,80.8,42.6,22.2,9.7,25.5,8-28,8-19,99.8,49.0,19.0,26.7,40.8,15-25,6-24,63,51,103.9,87.1
2024-12-12,Virginia,Bethune Cookman,H,-0.4,93.2,89.2,103.0,51.0,19.2,32.3,24.0,15-27,7-23,71.6,35.5,14.0,19.5,10.9,12-35,5-20,41,59,89.8,93.9
2024-11-04,Stanford,Denver,H,0.0,111.1,98.5,122.8,54.6,15.9,42.9,27.7,25-42,7-23,89.5,49.0,28.9,32.3,47.9,19-31,3-17,62,85,96.6,109.9
2024-11-08,Stanford,Cal St. Fullerton,H,0.1,112.4,100.5,126.0,56.6,14.2,34.5,49.1,12-21,12-32,83.4,36.3,22.0,22.6,82.5,10-28,3-12,53,80,97.1,106.8
2024-11-12,Stanford,Northern Arizona,H,0.1,131.7,111.3,147.1,66.7,9.8,41.7,28.1,20-34,12-23,104.6,51.8,16.3,27.6,14.3,17-34,8-22,64,90,113.6,131.0
2024-11-17,Stanford,UC Davis,H,0.2,113.8,97.2,109.0,43.3,13.8,37.2,37.3,17-39,8-28,89.7,50.0,19.3,9.4,32.1,19-37,5-16,65,79,92.8,100.7
2024-11-20,Stanford,Norfolk St.,H,0.2,105.9,99.7,110.4,41.1,9.5,39.1,66.1,11-22,8-34,99.4,49.1,18.9,20.0,20.4,19-38,5-16,63,70,102.7,102.1
2024-11-23,Stanford,Santa Clara,A,0.8,104.6,93.9,101.2,48.4,17.1,35.7,33.3,23-50,5-13,98.3,45.3,24.2,36.4,49.1,18-34,4-19,69,71,102.1,93.3
2024-11-26,Stanford,Grand Canyon,N,0.1,101.6,98.7,95.2,41.3,17.4,31.6,38.1,20-41,4-22,104.6,50.9,16.1,18.8,53.7,20-42,5-12,78,71,105.3,90.6
2024-11-30,Stanford,Cal Poly,H,-0.9,114.9,124.2,117.0,53.7,11.7,26.3,32.8,21-34,10-33,126.1,63.9,18.2,26.7,36.1,21-31,12-30,97,90,127.3,111.0
2024-12-03,Stanford,Utah Valley,H,-0.8,105.2,89.2,104.3,51.6,17.6,27.0,27.0,25-43,5-20,85.3,40.8,16.3,25.0,24.6,19-48,5-17,63,77,89.4,95.3
2024-12-07,Stanford,California,A,-0.4,136.5,110.0,134.7,62.3,10.6,26.9,35.1,19-34,11-23,122.6,47.9,10.6,47.6,22.5,22-50,8-21,81,89,120.6,130.7
2024-12-17,Stanford,Merrimack,H,-0.3,116.0,105.5,110.0,54.5,16.3,29.7,35.7,14-33,11-23,101.1,50.0,16.3,15.6,30.9,17-30,7-25,68,74,101.9,104.0
2024-11-04,California,Cal St. Bakersfield,H,0.0,113.4,104.0,118.2,48.2,15.1,39.5,70.2,17-34,7-23,100.3,50.8,23.4,35.0,29.0,18-46,9-16,73,86,98.0,110.3
2024-11-07,California,Cal Poly,H,0.1,111.4,101.4,120.4,54.6,13.2,37.8,43.1,19-39,11-26,96.5,46.6,23.8,25.6,39.7,12-32,10-26,73,91,98.3,108.5
2024-11-13,California,Vanderbilt,A,-0.3,93.7,100.8,90.7,48.2,26.3,23.5,38.2,19-41,5-14,111.8,56.6,10.5,21.1,22.1,28-43,7-25,85,69,108.1,85.5
2024-11-17,California,USC,A,0.2,113.6,95.9,107.7,55.5,19.7,25.0,23.6,20-34,7-21,100.1,49.1,15.2,27.3,24.6,19-36,6-21,66,71,97.6,101.0
2024-11-21,California,Air Force,H,0.2,111.5,111.5,118.1,57.7,22.7,43.3,51.9,24-39,4-13,104.5,61.8,24.2,25.0,21.6,15-27,11-24,69,78,102.7,109.7
2024-11-24,California,Sacramento St.,H,0.3,110.4,120.5,116.2,53.8,18.2,35.1,73.6,18-27,7-26,107.8,51.7,15.4,27.8,44.8,15-31,10-27,77,83,105.0,108.7
2024-11-27,California,Mercyhurst,H,0.3,109.4,96.9,124.5,65.1,21.5,37.0,34.0,18-32,11-21,84.5,40.6,16.9,20.0,30.2,17-40,3-13,55,81,86.8,112.0
2024-12-03,California,Missouri,A,-0.1,130.3,112.3,122.4,58.1,19.7,42.4,40.3,21-38,10-24,129.0,68.9,14.5,20.0,71.7,32-44,3-9,98,93,121.6,118.6
2024-12-07,California,Stanford,H,-0.9,120.4,131.1,122.6,47.9,10.6,47.6,22.5,22-50,8-21,134.7,62.3,10.6,26.9,35.1,19-34,11-23,89,81,136.7,109.9
2024-12-10,California,Cornell,H,-1.7,103.8,117.2,109.5,53.1,24.6,43.6,25.0,16-31,12-33,120.5,56.0,13.7,33.3,29.9,24-35,9-32,88,80,120.4,99.9
2024-12-14,California,Northwestern St.,H,-1.7,121.9,114.4,130.7,64.2,20.2,37.9,39.6,16-28,12-25,102.7,50.0,17.1,35.1,27.6,17-38,8-20,66,84,105.0,117.4
2024-11-04,Clemson,Charleston Southern,H,0.0,119.6,100.1,129.8,57.7,10.0,36.1,36.9,21-44,11-21,91.3,51.0,25.7,28.9,54.0,9-25,11-25,64,91,103.2,116.4
2024-11-08,Clemson,Saint Francis,H,0.1,112.2,94.9,122.5,69.6,22.3,32.0,30.4,21-29,12-27,86.3,46.4,22.3,20.0,25.0,14-36,8-20,62,88,95.9,111.2
2024-11-12,Clemson,Eastern Kentucky,H,0.1,110.3,97.8,115.9,51.6,20.1,50.0,31.1,21-37,7-24,95.8,47.5,23.2,37.1,8.2,20-37,6-24,62,75,107.8,104.0
2024-11-17,Clemson,Boise St.,A,-0.2,112.4,106.0,100.2,41.2,11.3,31.1,29.4,19-43,6-25,118.5,51.8,16.9,35.5,54.5,18-31,7-24,84,71,123.2,97.3
2024-11-21,Clemson,Radford,H,-0.2,113.8,84.0,123.0,62.2,17.1,23.1,44.9,14-26,11-23,79.4,34.5,17.1,26.8,34.5,13-35,4-20,51,79,91.6,108.9
2024-11-25,Clemson,San Francisco,N,0.3,119.2,90.1,113.8,54.3,19.5,43.8,17.2,21-41,7-17,89.4,47.1,21.1,16.1,13.7,12-27,8-24,55,70,102.5,100.7
2024-11-26,Clemson,Penn St.,N,0.9,115.2,91.0,108.2,51.8,18.8,31.4,35.1,16-38,9-19,96.7,50.0,24.5,30.3,26.8,22-38,4-18,67,75,106.9,98.6
2024-11-29,Clemson,Florida A&M,H,0.9,115.4,108.7,130.0,57.5,13.6,39.4,33.3,21-35,9-25,87.6,51.8,24.2,20.0,10.9,12-29,11-26,58,86,104.0,112.6
2024-12-03,Clemson,Kentucky,H,1.5,109.7,86.3,103.3,43.1,11.8,34.1,29.2,16-40,8-25,97.4,43.7,17.7,34.1,28.6,17-36,7-27,66,70,107.9,93.7
2024-12-07,Clemson,Miami FL,A,1.9,103.7,84.5,109.7,47.4,11.8,33.3,20.7,14-31,9-27,92.8,44.6,21.9,35.3,10.7,19-31,4-25,55,65,102.6,100.1
2024-12-14,Clemson,Memphis,H,1.3,114.0,107.0,109.9,52.2,17.4,33.3,22.4,20-36,10-31,116.6,61.7,21.4,32.3,28.3,19-35,12-25,87,82,128.4,100.4
2024-12-17,Clemson,South Carolina,A,0.9,123.3,113.4,116.5,53.9,13.2,25.0,32.8,21-43,9-21,120.4,57.8,15.9,35.5,58.6,23-41,7-17,91,88,130.8,107.8
2024-11-04,Syracuse,Le Moyne,H,0.0,102.1,117.6,111.2,45.8,14.2,44.4,43.1,27-50,4-22,106.0,57.0,20.7,21.2,40.4,19-32,9-25,82,86,108.4,102.0
2024-11-12,Syracuse,Colgate,H,0.1,102.5,107.1,105.7,50.0,10.0,26.2,11.4,23-47,8-23,102.8,51.6,8.6,12.8,17.2,18-37,10-27,72,74,101.4,100.4
2024-11-16,Syracuse,Youngstown St.,H,0.1,115.7,120.5,116.0,54.1,12.3,31.0,52.1,32-51,5-22,106.0,50.0,11.2,14.0,41.7,24-41,8-31,95,104,109.8,105.1
2024-11-21,Syracuse,Texas,N,-0.3,102.3,98.7,97.6,50.0,16.3,22.9,31.6,21-36,5-21,103.6,50.0,14.8,26.7,24.1,23-43,4-15,70,66,106.4,88.7
2024-11-22,Syracuse,Texas Tech,N,-0.7,117.4,104.3,109.4,47.2,17.7,32.3,52.8,16-32,6-21,116.8,49.2,4.4,23.7,33.3,19-39,8-24,79,74,116.4,102.9
2024-11-27,Syracuse,Cornell,H,-0.5,101.5,94.3,108.5,44.5,7.9,29.5,27.4,25-60,5-13,95.2,50.0,15.9,10.3,19.4,13-22,12-40,72,82,98.7,98.4
2024-12-03,Syracuse,Tennessee,A,-0.6,124.8,117.4,99.7,54.7,15.7,15.6,39.6,20-34,6-19,136.8,61.5,11.4,38.2,36.9,25-36,10-29,96,70,130.4,98.9
2024-12-07,Syracuse,Notre Dame,A,-1.1,98.5,94.3,94.0,47.1,19.1,21.9,47.1,24-42,0-9,101.3,53.1,22.0,27.3,55.1,14-27,8-22,69,64,99.0,90.1
2024-12-10,Syracuse,Albany,H,-1.1,130.1,120.0,140.1,68.3,15.1,37.5,28.6,34-48,6-15,116.8,52.9,6.9,29.3,27.1,22-42,10-28,85,102,117.7,130.3
2024-12-14,Syracuse,Georgetown,H,-1.9,110.7,109.1,104.4,46.3,14.7,29.4,53.7,19-38,4-16,110.3,52.3,14.7,33.3,16.9,25-40,6-25,75,71,109.4,98.7
2024-11-04,Miami FL,Fairleigh Dickinson,H,0.0,132.8,107.0,151.7,71.7,10.7,38.5,26.1,39-52,7-17,96.7,53.8,20.1,18.2,45.3,18-30,7-23,72,113,98.4,129.5
2024-11-10,Miami FL,Binghamton,H,0.0,118.3,102.7,128.5,57.8,10.2,25.8,43.1,17-27,11-31,93.4,49.1,17.5,16.7,27.3,15-31,8-24,64,88,91.9,112.0
2024-11-17,Miami FL,Coppin St.,H,0.1,126.1,114.2,138.5,67.2,13.4,34.5,14.1,22-37,14-27,93.9,45.5,11.9,17.9,37.5,18-40,5-16,63,93,92.4,120.8
2024-11-21,Miami FL,Drake,N,-0.5,120.7,128.2,112.1,50.0,14.6,19.2,65.9,10-23,8-21,130.0,50.0,9.8,43.8,50.0,22-37,4-19,80,69,125.5,99.0
2024-11-22,Miami FL,Oklahoma St.,N,-1.2,110.9,121.0,112.2,50.0,19.7,39.4,36.2,20-34,6-24,121.3,56.1,12.1,33.3,36.8,17-35,10-22,80,74,121.6,95.0
2024-11-24,Miami FL,VCU,N,-1.7,120.1,118.8,110.1,45.0,14.2,36.8,31.7,18-37,6-23,121.1,60.0,17.3,33.3,27.3,18-27,10-28,77,70,118.8,95.6
2024-11-30,Miami FL,Charleston Southern,H,-2.6,109.1,130.5,116.3,57.6,14.7,25.8,23.7,16-26,12-33,122.2,59.5,17.7,36.4,17.5,21-39,11-24,83,79,118.6,102.3
2024-12-03,Miami FL,Arkansas,H,-3.3,120.1,105.1,108.1,55.8,16.3,25.0,13.3,20-31,9-29,112.5,57.3,16.3,26.5,14.5,19-39,11-23,76,73,106.5,97.7
2024-12-07,Miami FL,Clemson,H,-3.9,102.7,100.1,92.8,44.6,21.9,35.3,10.7,19-31,4-25,109.7,47.4,11.8,33.3,20.7,14-31,9-27,65,55,103.4,84.4
2024-12-10,Miami FL,Tennessee,N,-4.0,109.0,99.2,91.6,45.9,20.7,26.8,16.4,16-28,8-33,110.9,57.7,16.3,18.5,34.6,15-27,10-25,75,62,106.3,81.7
2024-12-15,Miami FL,Presbyterian,H,-4.0,136.9,122.8,146.7,74.0,14.0,30.0,42.3,28-38,7-14,117.1,53.2,4.7,23.7,19.0,20-36,9-27,75,94,113.2,129.6
2024-11-06,Auburn,Vermont,H,0.1,132.4,73.5,134.8,68.8,12.9,27.6,17.2,20-29,16-35,61.7,30.2,22.9,22.2,19.0,10-35,5-23,43,94,76.7,103.0
2024-11-09,Auburn,Houston,N,0.9,139.3,101.0,118.9,59.8,19.3,37.9,37.3,20-28,7-23,110.9,45.7,16.1,40.5,37.9,19-45,5-13,69,74,126.3,94.4
2024-11-13,Auburn,Kent St.,H,1.1,129.1,94.2,124.8,54.4,9.5,34.4,38.6,22-33,6-24,88.5,36.9,12.6,28.6,24.6,15-40,5-21,56,79,101.5,98.9
2024-11-18,Auburn,North Alabama,H,1.2,128.3,100.6,137.6,71.4,14.8,30.8,27.0,27-36,12-27,93.1,46.1,17.5,22.9,17.2,22-49,5-15,69,102,111.6,105.5
2024-11-25,Auburn,Iowa St.,N,1.9,127.8,102.3,116.7,55.1,16.9,31.3,37.3,19-32,9-27,113.9,53.8,12.7,16.7,54.7,18-35,7-18,81,83,129.8,92.6
2024-11-26,Auburn,North Carolina,N,2.5,124.3,87.2,114.8,51.4,10.8,27.5,24.6,19-39,11-30,97.2,48.4,13.5,18.4,30.6,21-46,6-16,72,85,106.5,94.5
2024-11-27,Auburn,Memphis,N,3.0,144.6,100.0,134.2,63.3,13.4,37.9,28.3,26-36,8-24,113.3,55.4,16.4,27.6,33.9,22-47,6-9,76,90,122.6,111.6
2024-12-04,Auburn,Duke,A,2.9,152.9,117.1,124.3,53.1,12.7,40.5,18.8,19-39,10-25,133.8,57.8,6.4,33.3,46.6,20-36,9-22,84,78,145.6,103.4
2024-12-08,Auburn,Richmond,H,3.0,125.8,81.6,133.5,57.2,9.5,41.7,39.1,20-39,13-30,73.5,32.2,20.4,22.7,32.2,10-29,6-30,54,98,88.3,103.2
2024-12-14,Auburn,Ohio St.,N,3.5,145.3,78.3,139.3,54.9,7.7,41.0,19.4,20-42,13-30,81.1,41.2,12.2,13.2,37.3,12-35,6-16,53,91,93.8,110.6
2024-12-17,Auburn,Georgia St.,H,3.5,121.6,91.4,134.4,64.8,14.8,37.0,42.6,26-36,9-25,79.3,37.1,26.9,41.5,32.3,17-40,4-22,59,100,98.4,101.3
2024-11-04,Alabama,UNC Asheville,H,0.1,134.3,82.7,148.4,70.0,13.5,48.3,61.7,30-42,8-18,72.9,31.5,12.1,25.5,19.2,14-47,6-26,54,110,89.9,117.5
2024-11-08,Alabama,Arkansas St.,H,0.3,109.6,94.0,104.1,45.5,14.2,29.8,66.7,21-35,6-31,93.5,45.2,15.4,18.2,58.1,19-34,6-28,79,88,101.0,88.8
2024-11-11,Alabama,McNeese St.,H,0.5,112.3,89.8,107.8,55.0,22.5,30.3,48.0,11-16,11-34,95.8,45.1,19.5,31.6,18.0,17-37,7-24,64,72,102.7,92.5
2024-11-15,Alabama,Purdue,A,0.3,126.9,110.7,115.6,51.6,11.9,30.6,23.8,19-34,9-29,128.9,56.3,4.4,27.8,39.7,22-47,9-16,87,78,134.5,102.3
2024-11-20,Alabama,Illinois,N,1.0,141.0,96.1,123.0,59.3,8.6,18.9,17.3,28-41,11-34,107.0,52.1,16.0,31.8,33.8,22-41,10-30,87,100,113.2,107.0
2024-11-26,Alabama,Houston,N,1.8,132.8,95.6,112.5,45.1,19.8,47.7,67.2,11-30,11-31,105.9,41.5,15.9,36.4,50.8,18-46,6-19,80,85,115.5,95.1
2024-11-27,Alabama,Rutgers,N,2.2,124.2,106.6,120.5,60.3,25.4,45.7,62.1,20-33,10-25,114.1,46.2,11.4,30.8,53.8,27-52,2-13,90,95,123.3,102.8
2024-11-30,Alabama,Oregon,N,1.8,120.3,101.9,109.9,51.6,20.4,35.7,31.3,15-26,12-38,112.6,47.7,10.9,29.3,37.9,24-49,5-17,83,81,120.1,95.1
2024-12-04,Alabama,North Carolina,A,2.5,122.1,85.2,112.7,57.7,16.8,22.9,18.3,23-38,12-33,94.7,44.2,15.6,31.9,20.5,27-50,5-28,79,94,100.5,98.1
2024-12-14,Alabama,Creighton,H,2.9,121.0,93.5,110.6,47.1,14.7,38.6,31.4,24-40,6-30,100.0,51.7,17.3,14.7,26.7,19-33,8-27,75,83,106.2,95.8
2024-12-18,Alabama,North Dakota,A,3.0,119.0,121.7,129.3,61.1,18.7,45.7,47.6,22-29,11-34,120.0,54.6,14.7,36.4,10.5,16-35,17-41,90,97,129.7,110.4
2024-11-04,Kansas,Howard,H,0.1,115.3,80.5,122.3,70.8,19.7,21.7,30.2,21-31,11-22,80.1,44.8,23.9,21.6,20.7,14-36,8-22,57,87,89.7,109.4
2024-11-08,Kansas,North Carolina,H,0.5,128.3,103.6,118.9,52.6,5.2,28.6,22.4,31-55,6-21,115.0,48.4,14.2,27.0,49.2,20-40,7-23,89,92,127.6,107.8
2024-11-12,Kansas,Michigan St.,N,1.1,105.8,81.0,97.8,44.2,12.7,25.6,31.9,23-52,5-17,87.7,37.0,14.0,23.4,30.4,21-45,3-24,69,77,99.7,86.8
2024-11-16,Kansas,Oakland,H,1.1,123.3,94.4,123.9,64.3,12.7,23.1,19.6,24-36,8-20,90.5,49.1,19.1,27.8,21.8,18-33,6-22,57,78,102.2,110.3
2024-11-19,Kansas,UNC Wilmington,H,1.3,116.2,94.1,120.0,59.7,14.3,29.0,25.8,28-37,6-25,94.3,42.9,17.1,25.6,42.9,15-37,6-19,66,84,108.7,105.1
2024-11-26,Kansas,Duke,N,2.1,134.9,92.7,110.1,56.1,23.5,33.3,21.1,20-40,8-17,105.7,61.5,23.5,19.2,37.5,13-22,11-26,72,75,116.1,100.8
2024-11-30,Kansas,Furman,H,2.2,124.5,87.7,130.3,64.1,10.6,30.8,9.4,35-47,4-17,77.3,37.7,16.7,19.0,22.8,8-19,9-38,51,86,97.3,108.0
2024-12-04,Kansas,Creighton,A,1.9,98.6,101.8,90.1,41.4,7.1,19.1,11.4,17-47,8-23,108.7,58.5,21.4,21.4,32.1,13-24,12-29,76,63,120.7,81.6
2024-12-08,Kansas,Missouri,A,1.5,92.2,95.5,91.8,46.0,30.1,41.0,17.5,17-40,8-23,104.1,48.1,15.1,20.0,59.6,19-39,4-13,76,67,119.1,80.4
2024-12-14,Kansas,N.C. State,H,1.7,126.8,94.3,121.1,66.0,21.0,34.8,13.2,20-29,10-24,96.9,42.1,12.9,28.2,31.6,15-42,6-15,60,75,109.2,108.0
2024-11-04,Tennessee,Gardner Webb,H,0.1,113.5,96.1,118.4,58.2,16.3,26.7,38.2,20-32,8-23,94.7,49.1,22.2,32.3,27.3,18-32,6-23,64,80,113.7,104.9
2024-11-09,Tennessee,Louisville,A,0.7,123.3,76.0,114.6,66.0,29.8,48.0,20.8,20-34,10-19,81.8,35.0,22.3,31.7,21.7,6-21,10-39,55,77,96.9,103.2
2024-11-13,Tennessee,Montana,H,0.8,120.7,91.0,134.4,69.6,19.0,35.0,49.0,22-30,9-21,83.3,41.3,16.1,11.4,36.5,11-27,7-25,57,92,110.1,111.5
2024-11-17,Tennessee,Austin Peay,H,0.8,140.0,107.4,143.3,68.1,15.3,48.1,56.9,32-44,5-14,94.6,43.5,18.1,26.8,27.4,12-29,10-33,68,103,117.2,124.2
2024-11-21,Tennessee,Virginia,N,1.1,109.7,76.2,105.8,44.7,11.6,43.9,15.2,16-41,9-25,69.4,34.7,29.8,30.6,22.4,8-29,6-20,42,64,89.9,89.1
2024-11-22,Tennessee,Baylor,N,1.8,140.2,81.6,126.0,65.2,24.5,39.1,47.8,12-19,12-27,101.4,47.5,19.6,44.1,13.6,19-37,6-22,62,77,111.9,119.2
2024-11-27,Tennessee,Tennessee Martin,H,1.8,111.2,74.7,126.8,55.6,17.9,58.8,15.9,20-26,10-37,56.9,28.3,29.3,25.6,13.2,6-22,6-31,35,78,80.6,103.0
2024-12-03,Tennessee,Syracuse,H,2.0,130.4,98.9,136.8,61.5,11.4,38.2,36.9,25-36,10-29,99.7,54.7,15.7,15.6,39.6,20-34,6-19,70,96,124.8,117.4
2024-12-10,Tennessee,Miami FL,N,2.3,106.3,81.6,110.9,57.7,16.3,18.5,34.6,15-27,10-25,91.6,45.9,20.7,26.8,16.4,16-28,8-33,62,75,109.0,99.2
2024-12-14,Tennessee,Illinois,A,3.1,113.6,88.9,100.5,37.1,9.1,40.5,45.2,14-38,6-24,97.4,33.3,16.7,32.4,70.6,11-28,4-23,64,66,116.1,89.7
2024-12-17,Tennessee,Western Carolina,H,3.1,104.2,64.8,114.6,52.2,13.6,37.8,20.3,24-42,8-27,49.1,26.6,31.4,29.2,6.3,8-25,6-39,36,84,70.0,93.3
2024-11-04,Purdue,Texas A&M Corpus Chris,H,0.1,119.6,102.7,123.2,66.4,21.9,33.3,49.1,20-29,11-26,99.9,49.3,12.3,19.4,10.4,24-48,6-19,73,90,109.9,105.5
2024-11-08,Purdue,Northern Kentucky,H,0.2,114.1,87.3,115.8,61.8,20.9,30.8,27.5,18-29,9-22,80.5,34.2,20.9,37.5,24.6,12-34,5-23,50,72,87.7,100.1
2024-11-11,Purdue,Yale,H,0.4,127.6,108.1,126.7,64.4,13.8,20.0,61.5,17-29,11-23,115.7,56.9,13.8,29.7,29.2,25-39,8-26,84,92,122.8,111.9
2024-11-15,Purdue,Alabama,H,0.9,134.4,102.3,128.9,56.3,4.4,27.8,39.7,22-47,9-16,115.6,51.6,11.9,30.6,23.8,19-34,9-29,78,87,126.8,110.5
2024-11-19,Purdue,Marquette,A,0.7,99.0,95.9,85.5,46.0,22.1,15.6,36.0,14-32,6-18,112.0,51.7,8.8,18.2,25.0,19-35,8-25,76,58,113.9,79.7
2024-11-23,Purdue,Marshall,H,0.8,115.0,74.6,119.6,56.3,19.4,32.1,68.8,18-32,6-16,67.3,34.0,28.4,35.9,32.1,12-21,4-32,45,80,77.3,100.4
2024-11-28,Purdue,N.C. State,N,1.2,125.9,100.1,119.9,47.2,10.1,40.6,48.1,18-38,5-16,103.0,47.2,13.5,26.5,28.3,19-36,4-17,61,71,109.9,105.5
2024-11-29,Purdue,Mississippi,N,1.8,138.9,109.5,127.5,64.6,19.1,40.7,54.2,16-26,10-22,124.3,54.9,11.2,27.8,21.3,11-25,15-36,78,80,129.5,114.8
2024-12-05,Purdue,Penn St.,A,1.4,104.1,105.8,97.7,59.6,33.5,26.9,40.4,16-26,8-21,113.1,56.4,22.3,28.6,68.1,16-29,7-18,81,70,121.7,84.9
2024-12-08,Purdue,Maryland,H,2.0,129.3,105.8,119.0,55.3,11.5,28.6,19.7,23-40,9-26,111.9,53.8,14.3,31.4,13.6,19-40,11-26,78,83,122.6,102.1
2024-12-14,Purdue,Texas A&M,N,1.6,112.1,99.5,100.6,53.8,24.4,28.6,18.9,15-27,9-26,106.7,53.0,27.4,48.3,48.0,13-28,9-22,70,66,114.4,88.1
2024-11-04,Dayton,Saint Francis,H,0.0,110.1,92.4,123.3,51.5,9.9,41.5,36.8,23-36,8-32,80.8,43.1,18.4,13.2,19.0,16-37,6-21,57,87,89.2,106.1
2024-11-09,Dayton,Northwestern,H,0.4,110.3,98.0,103.6,60.9,20.4,11.1,54.3,16-25,8-21,96.3,49.1,23.3,31.3,23.2,20-36,5-20,66,71,104.6,89.3
2024-11-13,Dayton,Ball St.,H,0.4,106.4,97.5,109.1,52.8,11.3,21.2,54.7,22-34,4-19,97.8,46.2,21.3,15.2,46.2,12-34,8-18,69,77,97.8,101.3
2024-11-20,Dayton,New Mexico St.,H,0.5,114.6,95.0,122.1,55.2,11.6,38.2,31.0,17-31,10-27,87.5,40.9,14.9,26.3,25.5,15-38,5-17,53,74,97.3,104.1
2024-11-25,Dayton,North Carolina,N,0.0,126.9,105.4,115.9,52.7,12.9,31.0,20.3,18-42,14-32,118.5,60.2,19.3,26.7,63.0,19-31,9-23,92,90,120.0,107.1
2024-11-26,Dayton,Iowa St.,N,-0.2,139.8,112.0,122.5,65.0,16.0,29.2,52.0,22-32,7-18,129.8,55.2,10.2,27.6,50.0,26-41,4-17,89,84,132.4,112.4
2024-11-27,Dayton,Connecticut,N,0.5,132.8,93.4,131.3,58.0,15.4,34.6,60.0,17-33,8-17,103.5,48.4,7.7,20.0,17.7,18-33,8-29,67,85,112.2,114.1
2024-12-03,Dayton,Western Michigan,H,0.5,117.9,124.6,129.7,61.5,15.2,36.0,45.8,16-27,9-21,116.2,58.3,21.9,40.0,13.0,24-37,5-17,69,77,125.2,112.8
2024-12-07,Dayton,Lehigh,H,0.5,127.1,100.6,136.3,71.4,6.3,3.8,46.9,14-27,14-22,98.3,45.2,6.3,20.0,17.7,16-39,8-23,62,86,102.8,121.8
2024-12-14,Dayton,Marquette,H,1.1,118.9,97.0,114.8,50.8,11.3,42.9,26.2,25-42,4-19,101.8,49.1,21.0,32.4,27.8,13-25,9-29,63,71,112.3,97.7
2024-12-17,Dayton,UNLV,H,1.2,112.6,104.3,110.7,52.0,13.4,24.1,31.4,19-30,5-21,109.1,49.1,11.7,25.8,30.2,14-34,8-19,65,66,112.9,100.0
2024-11-04,Arizona,Canisius,H,0.0,115.0,93.7,129.2,54.4,12.5,45.9,39.7,25-40,8-28,88.9,52.9,26.4,16.1,25.5,12-25,10-26,64,93,98.4,118.1
2024-11-09,Arizona,Old Dominion,H,0.0,120.3,72.9,138.0,56.0,12.2,55.8,38.7,30-53,8-22,59.5,33.3,24.3,20.5,29.8,16-41,2-16,44,102,76.7,117.0
2024-11-15,Arizona,Wisconsin,A,-0.3,113.6,109.0,107.1,40.5,15.8,48.0,54.1,24-51,4-23,125.4,59.6,12.2,6.7,90.4,13-25,12-27,103,88,136.9,99.9
2024-11-22,Arizona,Duke,H,-0.5,99.0,90.4,81.2,45.3,22.2,16.7,20.8,15-30,6-23,101.9,50.0,20.7,35.1,21.3,17-36,9-25,69,55,112.3,75.5
2024-11-27,Arizona,Davidson,N,-0.2,125.3,92.6,132.2,64.5,17.8,36.4,29.0,28-47,11-22,90.3,45.8,15.3,22.2,11.3,16-37,11-34,71,104,108.3,114.5
2024-11-28,Arizona,Oklahoma,N,-0.7,113.5,109.1,110.8,46.9,14.4,39.5,29.2,23-46,5-19,118.0,53.4,24.5,44.1,36.2,13-29,12-29,82,77,133.6,99.4
2024-11-29,Arizona,West Virginia,N,-1.2,116.0,105.6,104.4,50.8,19.2,32.4,20.3,22-43,7-21,114.0,48.5,13.7,35.7,32.4,15-34,12-34,83,76,124.8,97.2
2024-12-07,Arizona,Southern Utah,H,-1.1,126.9,90.5,132.3,54.4,11.7,45.7,52.9,28-52,6-16,85.6,45.3,23.3,29.5,23.4,14-36,10-28,66,102,98.3,118.0
2024-12-14,Arizona,UCLA,N,-1.5,98.6,81.8,84.0,47.6,34.2,36.0,45.2,17-26,2-16,88.6,49.0,21.8,24.2,31.4,19-30,4-21,57,54,96.8,78.3
2024-12-18,Arizona,Samford,H,-1.3,125.9,88.3,134.4,64.5,19.6,44.0,56.4,25-33,7-22,89.6,46.7,16.8,22.5,25.0,10-25,12-35,64,96,105.3,118.0
2024-11-04,Houston,Jackson St.,H,0.0,132.2,71.9,143.2,67.2,13.3,39.3,10.4,27-47,12-20,59.1,31.9,31.0,22.2,31.9,9-24,4-23,40,97,78.3,121.0
2024-11-09,Houston,Auburn,N,-0.1,126.2,94.5,110.9,45.7,16.1,40.5,37.9,19-45,5-13,118.9,59.8,19.3,37.9,37.3,20-28,7-23,74,69,139.4,101.0
2024-11-13,Houston,Louisiana,H,-0.1,111.9,72.5,126.8,52.9,13.9,42.9,39.7,21-45,10-23,62.7,39.1,32.1,12.5,26.1,9-25,6-21,45,91,84.8,105.1
2024-11-22,Houston,Hofstra,H,0.0,127.2,76.0,127.0,56.5,6.4,28.6,25.8,17-38,12-24,69.9,38.5,23.8,19.4,9.6,8-27,8-25,44,80,87.4,109.7
2024-11-26,Houston,Alabama,N,-0.2,115.5,95.1,105.9,41.5,15.9,36.4,50.8,18-46,6-19,112.5,45.1,19.8,47.7,67.2,11-30,11-31,85,80,132.9,95.6
2024-11-27,Houston,Notre Dame,N,0.1,109.2,84.5,106.6,50.0,8.2,22.9,15.0,21-37,6-23,88.6,45.9,19.7,22.6,28.6,12-28,7-21,54,65,107.3,94.0
2024-11-30,Houston,San Diego St.,N,-0.4,122.1,107.7,109.5,46.0,18.8,41.5,27.4,12-38,11-24,114.2,48.2,10.9,37.8,47.4,14-32,9-25,73,70,134.2,99.3
2024-12-07,Houston,Butler,H,-0.2,126.3,84.2,129.2,60.8,18.0,46.4,10.0,23-42,9-18,83.4,38.0,19.6,20.0,47.8,4-18,9-28,51,79,107.7,108.8
2024-12-10,Houston,Troy,H,-0.1,117.6,75.4,112.6,52.0,18.2,40.6,27.5,13-32,9-19,76.3,26.0,21.8,40.5,44.0,10-32,2-18,42,62,90.2,100.7
2024-12-18,Houston,Toledo,H,0.0,99.7,69.8,109.4,47.8,16.8,41.0,28.4,26-43,4-24,68.7,34.3,19.6,15.0,33.3,11-36,5-18,49,78,85.8,94.4
2024-11-04,Michigan,Cleveland St.,H,0.0,128.0,86.0,135.0,77.2,21.4,41.7,38.6,29-39,10-18,70.8,31.4,28.1,44.4,15.7,19-51,2-19,53,101,85.5,115.0
2024-11-10,Michigan,Wake Forest,N,-0.6,113.1,104.4,102.1,50.9,23.3,31.3,26.3,14-24,10-33,105.0,51.8,19.0,32.4,33.9,20-36,6-20,72,70,112.3,94.4
2024-11-15,Michigan,TCU,H,-0.4,113.1,91.0,104.6,58.7,28.9,42.9,44.2,17-28,9-24,88.0,38.3,16.5,31.0,34.4,17-45,5-19,64,76,98.7,92.4
2024-11-18,Michigan,Miami OH,H,-0.3,120.7,100.6,128.8,70.0,24.7,46.4,25.0,21-31,14-29,91.8,48.5,17.8,20.5,12.3,15-33,11-32,67,94,107.1,110.8
2024-11-21,Michigan,Tarleton St.,H,-0.3,106.0,90.1,111.0,50.0,17.0,39.4,41.1,19-34,6-22,75.6,48.8,37.0,20.8,24.4,11-29,6-12,49,72,87.0,96.6
2024-11-25,Michigan,Virginia Tech,N,-0.1,105.6,94.7,107.2,48.4,21.4,42.5,32.3,15-28,10-34,90.1,37.9,27.2,46.2,41.4,16-41,4-17,63,75,102.8,93.4
2024-11-27,Michigan,Xavier,N,0.3,110.9,73.9,109.9,58.2,14.1,20.0,23.0,19-39,11-22,74.7,41.4,26.8,25.6,15.5,12-35,8-23,53,78,85.8,96.0
2024-12-03,Michigan,Wisconsin,A,1.0,102.7,84.4,99.3,44.1,17.8,33.3,35.6,17-34,6-25,94.8,39.1,14.8,34.8,29.7,16-37,6-27,64,67,103.9,89.6
2024-12-07,Michigan,Iowa,H,1.4,121.1,99.5,114.5,58.6,22.9,42.3,37.9,28-38,4-20,111.8,47.4,5.4,30.6,22.1,23-50,9-27,83,85,120.5,104.8
2024-12-10,Michigan,Arkansas,N,0.9,123.6,108.4,112.3,64.4,21.9,26.7,30.5,26-41,8-18,114.8,56.8,18.1,33.3,33.3,24-43,9-23,89,87,124.8,102.1
2024-12-18,Michigan,Oklahoma,N,0.4,130.3,111.6,123.1,50.0,14.3,44.7,40.6,26-36,4-28,124.5,57.9,18.6,35.5,42.1,15-32,12-25,87,86,133.9,113.1
